part,d,R0,n,R0_n,Wn_over_n,w_min,runs,graphs,generation,E_Zs_ind,E_Zs_ind_se,runs_with_Zs,E_Zs,E_Zs_se,ref_Zs,P_alive,P_alive_se,ref_alive
A,1,0.5,100000,0.48816080647364163,1.4959817148645653,1.0000018455653916,100000,50,0,1.4961567596734795,0.0025846664046354647,100000.0,1.4961567596734795,0.0025846664046354647,1.4959817148645653,1.0,0.0,1.4959789539375814
A,1,0.5,100000,0.48816080647364163,1.4959817148645653,1.0000018455653916,100000,50,1,0.7347043635384775,0.0054738044419103855,30316.0,0.7347043635384775,0.0054738044419103855,0.7302796403981076,0.30316,0.0013447888841216476,0.7302782926217645
A,1,0.5,100000,0.48816080647364163,1.4959817148645653,1.0000018455653916,100000,50,2,0.3311289527870305,0.004462587092039804,11392.0,0.3311289527870305,0.004462587092039804,0.35649389820802124,0.11392000000000004,0.0009425713852682616,0.35649324027643464
A,1,0.5,100000,0.48816080647364163,1.4959817148645653,1.0000018455653916,100000,50,3,0.13502834931375327,0.0032251960173964272,4292.0,0.13502834931375327,0.0032251960173964272,0.17402634885215995,0.04292000000000003,0.0006465544470972452,0.17402602767574601
A,1,0.5,100000,0.48816080647364163,1.4959817148645653,1.0000018455653916,100000,50,4,0.05140260235914582,0.0017812840578899345,1654.0,0.05140260235914582,0.0017812840578899345,0.08495284280333369,0.016540000000000003,0.00036918000697629924,0.08495268601759645
A,1,0.5,100000,0.48816080647364163,1.4959817148645653,1.0000018455653916,100000,50,5,0.017800342560371617,0.0010655580035330854,603.0,0.017800342560371617,0.0010655580035330854,0.04147064825510388,0.006030000000000003,0.00029291288668079025,0.04147057171845195
A,1,0.5,100000,0.48816080647364163,1.4959817148645653,1.0000018455653916,100000,50,6,0.005927958441119465,0.0006188484880350366,214.0,0.005927958441119465,0.0006188484880350366,0.020244345097196227,0.002140000000000001,0.00016965751816346887,0.020244307735002496
A,1,0.5,100000,0.48816080647364163,1.4959817148645653,1.0000018455653916,100000,50,7,0.0020130482470419177,0.0003194321150336168,79.0,0.0020130482470419177,0.0003194321150336168,0.009882495829178023,0.0007900000000000004,8.462401839782792e-05,0.0098824775904194
A,1,0.5,100000,0.48816080647364163,1.4959817148645653,1.0000018455653916,100000,50,8,0.0005257573010246537,0.00012073383203195551,24.0,0.0005257573010246537,0.00012073383203195551,0.004824247133943944,0.0002400000000000001,4.5714285714285716e-05,0.0048242382304968245
A,1,0.5,100000,0.48816080647364163,1.4959817148645653,1.0000018455653916,100000,50,9,0.00031402715382105554,0.0001361510993683213,6.0,0.00031402715382105554,0.0001361510993683213,0.0023550083715342296,6e-05,2.3211538298959896e-05,0.0023550040252203037
A,1,0.5,100000,0.48816080647364163,1.4959817148645653,1.0000018455653916,100000,50,10,3.389819172567402e-05,2.5585874423738092e-05,2.0,3.389819172567402e-05,2.5585874423738092e-05,0.0011496227859003271,2e-05,1.3997084244475301e-05,0.001149620664200216
A,1,0.7,100000,0.7011263073396836,1.5030487338374916,1.000005712498058,100000,50,0,1.5026413384509225,0.002621367325597556,100000.0,1.5026413384509225,0.002621367325597556,1.5030487338374916,1.0,0.0,1.5030401477235669
A,1,0.7,100000,0.7011263073396836,1.5030487338374916,1.000005712498058,100000,50,1,1.0476990525639236,0.008131859771735386,39135.0,1.0476990525639236,0.008131859771735386,1.0538270085070676,0.39135,0.0017533204650209341,1.053820988556717
A,1,0.7,100000,0.7011263073396836,1.5030487338374916,1.000005712498058,100000,50,2,0.6435035696781584,0.007866907243075838,18714.0,0.6435035696781584,0.007866907243075838,0.7388658390493856,0.18713999999999997,0.0010991685169124115,0.738861618303826
A,1,0.7,100000,0.7011263073396836,1.5030487338374916,1.000005712498058,100000,50,3,0.34936919466557553,0.007575734886120713,9135.0,0.34936919466557553,0.007575734886120713,0.5180382773521327,0.09135,0.0009526815001963284,0.5180353180763844
A,1,0.7,100000,0.7011263073396836,1.5030487338374916,1.000005712498058,100000,50,4,0.16833723001313017,0.004861597625427647,4353.0,0.16833723001313017,0.004861597625427647,0.3632102644605117,0.04353000000000001,0.0007242744434175177,0.3632081896344338
A,1,0.7,100000,0.7011263073396836,1.5030487338374916,1.000005712498058,100000,50,5,0.07711261530601748,0.0030778897558988634,1976.0,0.07711261530601748,0.0030778897558988634,0.25465627150906844,0.01976,0.0004587560820928077,0.2546548167939221
A,1,0.7,100000,0.7011263073396836,1.5030487338374916,1.000005712498058,100000,50,6,0.033785820482813284,0.0017970882633394766,870.0,0.033785820482813284,0.0017970882633394766,0.17854621128404508,0.008700000000000006,0.00029311835040975984,0.17854519134498625
A,1,0.7,100000,0.7011263073396836,1.5030487338374916,1.000005712498058,100000,50,7,0.013767662433975602,0.0011737583700438163,364.0,0.013767662433975602,0.0011737583700438163,0.12518344580707347,0.003640000000000002,0.00020555549426977084,0.12518273070096747
A,1,0.7,100000,0.7011263073396836,1.5030487338374916,1.000005712498058,100000,50,8,0.005525437684859996,0.0006676797315390806,147.0,0.005525437684859996,0.0006676797315390806,0.08776940709877082,0.0014700000000000008,0.00013583453319448362,0.08776890571906736
A,1,0.7,100000,0.7011263073396836,1.5030487338374916,1.000005712498058,100000,50,9,0.0017827516271098553,0.00029672676277552534,58.0,0.0017827516271098553,0.00029672676277552534,0.06153744029655459,0.0005800000000000002,7.740695533796611e-05,0.061537088766054536
A,1,0.7,100000,0.7011263073396836,1.5030487338374916,1.000005712498058,100000,50,10,0.0005975269160776883,0.00013723791332142607,22.0,0.0005975269160776883,0.00013723791332142607,0.04314551827825957,0.00022000000000000006,4.553536414431207e-05,0.043145271810978145
A,1,0.7,100000,0.7011263073396836,1.5030487338374916,1.000005712498058,100000,50,11,0.00010828878059305206,5.5334372192264146e-05,7.0,0.00010828878059305206,5.5334372192264146e-05,0.03025045790869296,7.000000000000001e-05,2.8607120563572556e-05,0.03025028510399805
A,1,0.9,100000,0.8830529346331094,1.4997940570680366,1.0000009206565534,100000,50,0,1.5011639155142031,0.002914022149662927,100000.0,1.5011639155142031,0.002914022149662927,1.4997940570680366,1.0,0.0,1.4997926762740803
A,1,0.9,100000,0.8830529346331094,1.4997940570680366,1.0000009206565534,100000,50,1,1.335905107007283,0.005762914725912779,46968.0,1.335905107007283,0.005762914725912779,1.3243975434392268,0.46968000000000015,0.001693249502451134,1.3243963241250716
A,1,0.9,100000,0.8830529346331094,1.4997940570680366,1.0000009206565534,100000,50,2,0.9771833002807938,0.008475777864401898,25940.0,0.9771833002807938,0.008475777864401898,1.1695131373548904,0.2594000000000001,0.0011939473204801102,1.1695120606359473
A,1,0.9,100000,0.8830529346331094,1.4997940570680366,1.0000009206565534,100000,50,3,0.5994329785949366,0.007691277228000435,14560.0,0.5994329785949366,0.007691277228000435,1.0327420080332106,0.14559999999999998,0.0010739969216692856,1.0327410572333882
A,1,0.9,100000,0.8830529346331094,1.4997940570680366,1.0000009206565534,100000,50,4,0.3216088077934217,0.005431905149516795,7813.0,0.3216088077934217,0.005431905149516795,0.9119658609126169,0.07812999999999998,0.000807340051764852,0.9119650213060435
A,1,0.9,100000,0.8830529346331094,1.4997940570680366,1.0000009206565534,100000,50,5,0.1534157596186462,0.0038007915442383085,3899.0,0.1534157596186462,0.0038007915442383085,0.8053141297640964,0.03899,0.0006627847866912665,0.8053133883470479
A,1,0.9,100000,0.8830529346331094,1.4997940570680366,1.0000009206565534,100000,50,6,0.06912348893662293,0.0024441460164795815,1830.0,0.06912348893662293,0.0024441460164795815,0.711135005589694,0.018299999999999997,0.0004379917061930255,0.7111343508791935
A,1,0.9,100000,0.8830529346331094,1.4997940570680366,1.0000009206565534,100000,50,7,0.03108895089326926,0.001703560188455241,866.0,0.03108895089326926,0.001703560188455241,0.627969853606312,0.008660000000000006,0.00030853174347981424,0.6279692754622831
A,1,0.9,100000,0.8830529346331094,1.4997940570680366,1.0000009206565534,100000,50,8,0.012013656576059883,0.0011868577823975657,364.0,0.012013656576059883,0.0011868577823975657,0.5545306220881779,0.003640000000000002,0.00021191064732329896,0.5545301115563966
A,1,0.9,100000,0.8830529346331094,1.4997940570680366,1.0000009206565534,100000,50,9,0.00495452265392379,0.000655397321105307,151.0,0.00495452265392379,0.000655397321105307,0.48967989317888927,0.0015100000000000007,0.00014320671515437438,0.48967944235230154
A,1,0.9,100000,0.8830529346331094,1.4997940570680366,1.0000009206565534,100000,50,10,0.002181589004803529,0.0003561962407097289,70.0,0.002181589004803529,0.0003561962407097289,0.43241326670244573,0.0007000000000000003,9.793792286287205e-05,0.4324128685987044
A,1,0.9,100000,0.8830529346331094,1.4997940570680366,1.0000009206565534,100000,50,11,0.0008170022709799462,0.0001575700355960051,35.0,0.0008170022709799462,0.0001575700355960051,0.3818438041358841,0.0003500000000000001,5.758755534498964e-05,0.38184345258920704
A,1,0.9,100000,0.8830529346331094,1.4997940570680366,1.0000009206565534,100000,50,12,0.0002687720144457428,7.538437253876868e-05,15.0,0.0002687720144457428,7.538437253876868e-05,0.33718829181366267,0.00015000000000000004,3.5714285714285744e-05,0.33718798137933786
A,1,0.9,100000,0.8830529346331094,1.4997940570680366,1.0000009206565534,100000,50,13,4.513003200553067e-05,3.309117113923862e-05,2.0,4.513003200553067e-05,3.309117113923862e-05,0.2977551106099801,2e-05,1.3997084244475296e-05,0.29775483648003853
A,1,0.9,100000,0.8830529346331094,1.4997940570680366,1.0000009206565534,100000,50,14,1.0196855839295309e-05,1.0196855839295322e-05,1.0,1.0196855839295309e-05,1.0196855839295322e-05,0.262933524226149,1e-05,1.0000000000000006e-05,0.26293328215489964
A,2,0.5,100000,0.5039190590706222,1.5028566411554034,1.0000012712416733,100000,50,0,1.5055255139731625,0.0025065112699304043,100000.0,1.5055255139731625,0.0025065112699304043,1.5028566411554034,1.0,0.0,1.502854730663841
A,2,0.5,100000,0.5039190590706222,1.5028566411554034,1.0000012712416733,100000,50,1,0.7604260629166589,0.006300431375170884,30351.0,0.7604260629166589,0.006300431375170884,0.7573181045290666,0.30350999999999995,0.0013817683139620005,0.757317141795956
A,2,0.5,100000,0.5039190590706222,1.5028566411554034,1.0000012712416733,100000,50,2,0.36845859536832576,0.005842535373726122,11920.0,0.36845859536832576,0.005842535373726122,0.3816270266514343,0.11920000000000003,0.001025690409590794,0.3816265415118711
A,2,0.5,100000,0.5039190590706222,1.5028566411554034,1.0000012712416733,100000,50,3,0.1730515610782279,0.00415419999873059,5142.0,0.1730515610782279,0.00415419999873059,0.19230913218611004,0.051420000000000014,0.0007497428130461043,0.19230888771503785
A,2,0.5,100000,0.5039190590706222,1.5028566411554034,1.0000012712416733,100000,50,4,0.07785758601143206,0.002775391651050201,2219.0,0.07785758601143206,0.002775391651050201,0.09690823694191247,0.02219,0.0004931965704897562,0.0969081137482798
A,2,0.5,100000,0.5039190590706222,1.5028566411554034,1.0000012712416733,100000,50,5,0.03555372606499658,0.0018205889313780636,958.0,0.03555372606499658,0.0018205889313780636,0.048833907575961434,0.009580000000000007,0.00033574771869998604,0.048833845496341975
A,2,0.5,100000,0.5039190590706222,1.5028566411554034,1.0000012712416733,100000,50,6,0.014589353348971656,0.0011994350888092226,408.0,0.014589353348971656,0.0011994350888092226,0.02460833675642022,0.004080000000000003,0.0002111001309950386,0.024608305473316792
A,2,0.5,100000,0.5039190590706222,1.5028566411554034,1.0000012712416733,100000,50,7,0.006301279190436704,0.0006860556043487839,184.0,0.006301279190436704,0.0006860556043487839,0.012400609903588284,0.0018400000000000011,0.00016190196076008216,0.01240059413943624
A,2,0.5,100000,0.5039190590706222,1.5028566411554034,1.0000012712416733,100000,50,8,0.002691953736579314,0.00036786429596059856,85.0,0.002691953736579314,0.00036786429596059856,0.0062489036745180465,0.0008500000000000004,0.00010326308782000686,0.006248895730661382
A,2,0.5,100000,0.5039190590706222,1.5028566411554034,1.0000012712416733,100000,50,9,0.0010524471096364583,0.00022745973209564553,38.0,0.0010524471096364583,0.00022745973209564553,0.0031489416598860873,0.0003800000000000002,6.318098396427422e-05,0.0031489376568253112
A,2,0.5,100000,0.5039190590706222,1.5028566411554034,1.0000012712416733,100000,50,10,0.0004613258676621726,0.00015110091242819302,12.0,0.0004613258676621726,0.00015110091242819302,0.0015868117183180802,0.00012000000000000004,3.927922024247862e-05,0.0015868097010994606
A,2,0.5,100000,0.5039190590706222,1.5028566411554034,1.0000012712416733,100000,50,11,7.983109832947068e-05,4.004661754478899e-05,4.0,7.983109832947068e-05,4.004661754478899e-05,0.0007996246680170841,4e-05,1.9378085666072197e-05,0.0007996236515021753
A,2,0.5,100000,0.5039190590706222,1.5028566411554034,1.0000012712416733,100000,50,12,3.8856063239119584e-05,3.8856063239119584e-05,1.0,3.8856063239119584e-05,3.8856063239119584e-05,0.00040294611031682767,1e-05,9.999999999999999e-06,0.00040294559807559137
A,2,0.7,100000,0.7222048638345107,1.499613444838063,1.0000030964454933,100000,50,0,1.4992414008931976,0.0030462776425125436,100000.0,1.4992414008931976,0.0030462776425125436,1.499613444838063,1.0,0.0,1.4996088013811482
A,2,0.7,100000,0.7222048638345107,1.499613444838063,1.0000030964454933,100000,50,1,1.0878637321972244,0.009783127048075855,39298.0,1.0878637321972244,0.009783127048075855,1.0830281237336747,0.39298000000000016,0.0014321355539535917,1.083024770206506
A,2,0.7,100000,0.7222048638345107,1.499613444838063,1.0000030964454933,100000,50,2,0.7384670945006662,0.009575756969011102,19759.0,0.7384670945006662,0.009575756969011102,0.782168178630024,0.19758999999999996,0.00113035031593515,0.7821657566963917
A,2,0.7,100000,0.7222048638345107,1.499613444838063,1.0000030964454933,100000,50,3,0.47976452233821704,0.00849214419924637,10693.0,0.47976452233821704,0.00849214419924637,0.5648856629431838,0.10693000000000003,0.0009156251349515816,0.5648839138109346
A,2,0.7,100000,0.7222048638345107,1.499613444838063,1.0000030964454933,100000,50,4,0.28470311234034756,0.007313877076331845,5908.0,0.2873553152843732,0.008653730320433522,0.4079631732879493,0.05911,0.0006121707778263268,0.40796191005613147
A,2,0.7,100000,0.7222048638345107,1.499613444838063,1.0000030964454933,100000,50,5,0.16218795607734018,0.005754174396984859,3260.0,0.16401128656101074,0.006112803094788688,0.2946329880139183,0.03264999999999999,0.0004821825380496476,0.2946320757017553
A,2,0.7,100000,0.7222048638345107,1.499613444838063,1.0000030964454933,100000,50,6,0.08786063499479856,0.0035311137375750893,1824.0,0.09071191088928421,0.0041225373392215865,0.21278537698974687,0.018379999999999997,0.00033732440632429903,0.21278471811346542
A,2,0.7,100000,0.7222048638345107,1.499613444838063,1.0000030964454933,100000,50,7,0.04624920664793566,0.002761282953126266,1039.0,0.04886470854948124,0.0032985283747787755,0.15367463421485517,0.010560000000000005,0.00028451175507439097,0.15367415837120002
A,2,0.7,100000,0.7222048638345107,1.499613444838063,1.0000030964454933,100000,50,8,0.025656040092484046,0.0024136194801585207,564.0,0.027837744437592207,0.002837844541094239,0.1109845682779577,0.005840000000000004,0.00022876777281241126,0.11098422462135554
A,2,0.7,100000,0.7222048638345107,1.499613444838063,1.0000030964454933,100000,50,9,0.012309418966697334,0.0014332062852244034,292.0,0.013825478114721249,0.0016908345935022183,0.08015359502091439,0.0030800000000000016,0.00015994897145461037,0.08015334683044482
A,2,0.7,100000,0.7222048638345107,1.499613444838063,1.0000030964454933,100000,50,10,0.00604952542693574,0.0008702002612341201,130.0,0.007413548376339845,0.001088542958200392,0.05788731617792599,0.0014500000000000008,9.609731462195503e-05,0.05788713693356171
A,2,0.7,100000,0.7222048638345107,1.499613444838063,1.0000030964454933,100000,50,11,0.00243967236058028,0.00045910643598057584,65.0,0.003464420355946274,0.0007073031634064311,0.04180650129802431,0.0007800000000000003,8.939707341235437e-05,0.041806371846872616
A,2,0.7,100000,0.7222048638345107,1.499613444838063,1.0000030964454933,100000,50,12,0.0014617443864816495,0.0004486790349908559,33.0,0.001899320770694571,0.0004917922546017161,0.030192858577336935,0.00039000000000000016,5.940177967511939e-05,0.03019276508708555
A,2,0.7,100000,0.7222048638345107,1.499613444838063,1.0000030964454933,100000,50,13,0.0007209487265893898,0.00022735752469990524,19.0,0.0009054268592252398,0.0002500144240217733,0.02180542931762026,0.00025000000000000006,5.392738882336248e-05,0.02180536179850599
A,2,0.7,100000,0.7222048638345107,1.499613444838063,1.0000030964454933,100000,50,14,0.0003273812601970488,0.00012548633334549044,8.0,0.00039861518326728037,0.00013527793368087732,0.015747987111184986,0.00012000000000000004,3.658928135675912e-05,0.01574793834855226
A,2,0.7,100000,0.7222048638345107,1.499613444838063,1.0000030964454933,100000,50,15,0.00019186008191272066,7.515779300198795e-05,8.0,0.00022556376134827327,8.07508361705938e-05,0.011373272887300983,9e-05,3.093772546815387e-05,0.011373237670690452
A,2,0.7,100000,0.7222048638345107,1.499613444838063,1.0000030964454933,100000,50,16,0.00019789351726176685,0.00014615379768217747,3.0,0.00022225442818205987,0.000147504632140357,0.008213832996925937,4e-05,1.93780856660722e-05,0.008213807563318526
A,2,0.7,100000,0.7222048638345107,1.499613444838063,1.0000030964454933,100000,50,17,7.822240822454207e-05,6.075961017283107e-05,2.0,9.152026536271127e-05,6.185552910945301e-05,0.005932070141104308,3e-05,1.696334583862559e-05,0.00593205177282933
A,2,0.7,100000,0.7222048638345107,1.499613444838063,1.0000030964454933,100000,50,18,2.6376279805912075e-05,2.6376279805912075e-05,1.0,2.6376279805912075e-05,2.6376279805912075e-05,0.004284169908513003,1e-05,1.0000000000000003e-05,0.004284156642855474
A,2,0.7,100000,0.7222048638345107,1.499613444838063,1.0000030964454933,100000,50,19,5.0270395699800046e-05,5.0270395699800046e-05,1.0,5.0270395699800046e-05,5.0270395699800046e-05,0.003094048345421541,1e-05,1.0000000000000003e-05,0.0030940387648991513
A,2,0.7,100000,0.7222048638345107,1.499613444838063,1.0000030964454933,100000,50,20,4.6508894530426914e-05,4.6508894530426934e-05,1.0,4.6508894530426914e-05,4.6508894530426934e-05,0.0022345367640025575,1e-05,1.0000000000000003e-05,0.0022345298449026893
A,2,0.7,100000,0.7222048638345107,1.499613444838063,1.0000030964454933,100000,50,21,1.2654661763286604e-05,1.2654661763286608e-05,1.0,1.2654661763286604e-05,1.2654661763286608e-05,0.001613793319379675,1e-05,1.0000000000000003e-05,0.0016137883223720968
A,2,0.9,100000,0.8778110236048206,1.4994453250534507,1.000007308777685,100000,50,0,1.5004348003725143,0.002162490858944422,100000.0,1.5004348003725143,0.002162490858944422,1.4994453250534507,1.0,0.0,1.499434366021016
A,2,0.9,100000,0.8778110236048206,1.4994453250534507,1.000007308777685,100000,50,1,1.30952448344027,0.006068576496150325,46892.0,1.30952448344027,0.006068576496150325,1.3162296356246326,0.46892000000000017,0.0015886947536918972,1.3162200156651533
A,2,0.9,100000,0.8778110236048206,1.4994453250534507,1.000007308777685,100000,50,2,1.0703307678019869,0.009222330446335235,27595.0,1.0703307678019869,0.009222330446335235,1.1554008837466587,0.27595000000000003,0.001366527701579324,1.155392439240181
A,2,0.9,100000,0.8778110236048206,1.4994453250534507,1.000007308777685,100000,50,3,0.8138411571526093,0.007945726838110234,17612.0,0.8138411571526093,0.007945726838110234,1.0142236324355687,0.17611999999999992,0.0011478071373230761,1.0142162197546938
A,2,0.9,100000,0.8778110236048206,1.4994453250534507,1.000007308777685,100000,50,4,0.5651698970333907,0.007859341571601867,11465.0,0.5651698970333907,0.007859341571601867,0.8902966849524658,0.11465,0.000990490498980898,0.8902901780194794
A,2,0.9,100000,0.8778110236048206,1.4994453250534507,1.000007308777685,100000,50,5,0.38046580306134636,0.0065891217222132595,7473.0,0.38046580306134636,0.0065891217222132595,0.7815122443301025,0.07472999999999998,0.0007118831020753395,0.7815065324725972
A,2,0.9,100000,0.8778110236048206,1.4994453250534507,1.000007308777685,100000,50,6,0.2421628126629079,0.005357335260480168,4844.0,0.2421628126629079,0.005357335260480168,0.6860200631551078,0.04844,0.0005894722648440791,0.6860150492236244
A,2,0.9,100000,0.8778110236048206,1.4994453250534507,1.000007308777685,100000,50,7,0.1505443210008994,0.00394128289726074,3144.0,0.1505443210008994,0.00394128289726074,0.6021959738516288,0.03143999999999999,0.0005265676304025487,0.6021915725673012
A,2,0.9,100000,0.8778110236048206,1.4994453250534507,1.000007308777685,100000,50,8,0.09106741197411684,0.0034432347953107976,2013.0,0.09117690119937506,0.003427426024443595,0.5286142642174001,0.020139999999999995,0.0004221035756439745,0.5286104007214991
A,2,0.9,100000,0.8778110236048206,1.4994453250534507,1.000007308777685,100000,50,9,0.05552081871030804,0.002644089001812733,1268.0,0.05571048254786769,0.0026208831216029712,0.464023428364785,0.012700000000000005,0.0003434518651477517,0.46402003694549354
A,2,0.9,100000,0.8778110236048206,1.4994453250534507,1.000007308777685,100000,50,10,0.035068531073721584,0.0022016773464800213,787.0,0.035187365822662874,0.002186239955452059,0.40732488062951,0.007890000000000003,0.000295990209435435,0.4073219036042703
A,2,0.9,100000,0.8778110236048206,1.4994453250534507,1.000007308777685,100000,50,11,0.0198835823918429,0.0015499242176576515,466.0,0.020016788521908687,0.0015339094022774177,0.35755427040510157,0.004670000000000002,0.0002117034892176763,0.35755165713952863
A,2,0.9,100000,0.8778110236048206,1.4994453250534507,1.000007308777685,100000,50,12,0.011482769456371854,0.0009873074356409584,276.0,0.011541437902920329,0.0009757034670832498,0.313865080098577,0.002770000000000001,0.00016112487234997555,0.31386278614524943
A,2,0.9,100000,0.8778110236048206,1.4994453250534507,1.000007308777685,100000,50,13,0.0069247770183120385,0.0007408058288197414,162.0,0.006979533586654878,0.0007323352678120383,0.27551422723514085,0.0016300000000000008,0.00013078257388755225,0.2755122135776223
A,2,0.9,100000,0.8778110236048206,1.4994453250534507,1.000007308777685,100000,50,14,0.0033944180429211547,0.0004174851034868082,93.0,0.0034301931382252683,0.0004130582438254984,0.24184942582697014,0.0009400000000000005,9.963197585235827e-05,0.24184765821620258
A,2,0.9,100000,0.8778110236048206,1.4994453250534507,1.000007308777685,100000,50,15,0.001861405812504833,0.00030867818165248955,50.0,0.001861405812504833,0.00030867818165248955,0.21229809204341077,0.0005000000000000002,6.998542122237652e-05,0.21229654041519355
A,2,0.9,100000,0.8778110236048206,1.4994453250534507,1.000007308777685,100000,50,16,0.0008561976543555283,0.00021914726496556085,25.0,0.0008561976543555283,0.00021914726496556085,0.18635760548597682,0.00025000000000000006,4.791574237499547e-05,0.1863562434496232
A,2,0.9,100000,0.8778110236048206,1.4994453250534507,1.000007308777685,100000,50,17,0.0006145863966534558,0.00015812370705134822,20.0,0.0006145863966534558,0.00015812370705134822,0.16358676042818865,0.00020000000000000012,4.040610178208844e-05,0.1635855648176629
A,2,0.9,100000,0.8778110236048206,1.4994453250534507,1.000007308777685,100000,50,18,0.0002688147140731065,0.00010545284863297191,8.0,0.0002688147140731065,0.00010545284863297191,0.14359826161966482,8e-05,2.618614682831909e-05,0.14359721209956539
A,2,0.9,100000,0.8778110236048206,1.4994453250534507,1.000007308777685,100000,50,19,0.0001141294580351058,5.646009393832946e-05,4.0,0.0001141294580351058,5.646009393832946e-05,0.1260521370202308,4e-05,1.9378085666072197e-05,0.126051215739918
A,2,0.9,100000,0.8778110236048206,1.4994453250534507,1.000007308777685,100000,50,20,0.0001559412757722481,0.00010235590874744533,3.0,0.0001559412757722481,0.00010235590874744533,0.11064995542530388,3e-05,1.6963345838625593e-05,0.1106491467152895
A,2,0.9,100000,0.8778110236048206,1.4994453250534507,1.000007308777685,100000,50,21,7.095423620911824e-05,7.095423620911826e-05,1.0,7.095423620911824e-05,7.095423620911826e-05,0.09712975063371378,1e-05,1.0000000000000006e-05,0.09712904073914826
A,2,0.9,100000,0.8778110236048206,1.4994453250534507,1.000007308777685,100000,50,22,3.200088605969648e-05,3.200088605969652e-05,1.0,3.200088605969648e-05,3.200088605969652e-05,0.08526156582626125,1e-05,1.0000000000000006e-05,0.08526094267298603
A,2,0.9,100000,0.8778110236048206,1.4994453250534507,1.000007308777685,100000,50,23,3.994168450760223e-05,3.9941684507602194e-05,1.0,3.994168450760223e-05,3.9941684507602194e-05,0.07484354237210018,1e-05,1.0000000000000006e-05,0.0748429953612858
A,2,0.9,100000,0.8778110236048206,1.4994453250534507,1.000007308777685,100000,50,24,1.0972145487735186e-05,1.0972145487735169e-05,1.0,1.0972145487735186e-05,1.0972145487735169e-05,0.06569848653986401,1e-05,1.0000000000000006e-05,0.06569800636774112
A,3,0.5,100000,0.4966859933038732,1.502994148250763,1.0000009336116205,100000,50,0,1.5028704839104574,0.002108590833681767,100000.0,1.5028704839104574,0.002108590833681767,1.502994148250763,1.0,0.0,1.5029927450392706
A,3,0.5,100000,0.4966859933038732,1.502994148250763,1.0000009336116205,100000,50,1,0.7423289219413134,0.00578682846139086,30059.0,0.7423289219413134,0.00578682846139086,0.746516141453839,0.3005899999999999,0.0016247254085109972,0.7465154444983452
A,3,0.5,100000,0.4966859933038732,1.502994148250763,1.0000009336116205,100000,50,2,0.362167215533465,0.004484327287536201,12027.0,0.362167215533465,0.004484327287536201,0.37078411123537475,0.12027000000000002,0.0009840783526130594,0.37078376506734295
A,3,0.5,100000,0.4966859933038732,1.502994148250763,1.0000009336116205,100000,50,3,0.1759600669544018,0.003526908738079706,5327.0,0.1759600669544018,0.003526908738079706,0.18416327459023593,0.053270000000000026,0.0006436835957429484,0.1841631026534232
A,3,0.5,100000,0.4966859933038732,1.502994148250763,1.0000009336116205,100000,50,4,0.08064950391133195,0.002230665458176546,2384.0,0.08064950391133195,0.002230665458176546,0.09147131896994529,0.023839999999999993,0.00045410598421289196,0.09147123357133867
A,3,0.5,100000,0.4966859933038732,1.502994148250763,1.0000009336116205,100000,50,5,0.03603946598218213,0.0013379682798578703,1105.0,0.03603946598218213,0.0013379682798578703,0.04543252292140269,0.011050000000000006,0.00029974478940510406,0.04543248050511094
A,3,0.5,100000,0.4966859933038732,1.502994148250763,1.0000009336116205,100000,50,6,0.017137877636230113,0.0008964247350352587,522.0,0.017137877636230113,0.0008964247350352587,0.02256569777551788,0.005220000000000003,0.00020857142857142857,0.02256567670793988
A,3,0.5,100000,0.4966859933038732,1.502994148250763,1.0000009336116205,100000,50,7,0.008106779920126267,0.0007390056068258263,234.0,0.008106779920126267,0.0007390056068258263,0.0112080660142281,0.0023400000000000014,0.00016127046619051526,0.011208055550257195
A,3,0.5,100000,0.4966859933038732,1.502994148250763,1.0000009336116205,100000,50,8,0.003408359227398591,0.0005018722926859648,99.0,0.003408359227398591,0.0005018722926859648,0.005566889401292267,0.0009900000000000006,9.42099262502717e-05,0.005566884203984484
A,3,0.5,100000,0.4966859933038732,1.502994148250763,1.0000009336116205,100000,50,9,0.0013529143887585113,0.00025619187388744295,43.0,0.0013529143887585113,0.00025619187388744295,0.0027649959918936537,0.00043000000000000015,6.390362641812871e-05,0.002764993410463675
A,3,0.5,100000,0.4966859933038732,1.502994148250763,1.0000009336116205,100000,50,10,0.0005539719375300259,0.00014155879340282485,20.0,0.0005539719375300259,0.00014155879340282485,0.0013733347807149275,0.00020000000000000006,4.2857142857142836e-05,0.0013733334985548144
A,3,0.5,100000,0.4966859933038732,1.502994148250763,1.0000009336116205,100000,50,11,0.0008817060359729884,0.0005653639005329857,9.0,0.0008817060359729884,0.0005653639005329857,0.0006821161496981507,9e-05,2.7441961017569343e-05,0.0006821155128671813
A,3,0.5,100000,0.4966859933038732,1.502994148250763,1.0000009336116205,100000,50,12,0.0007541205937880282,0.0005013240921356658,4.0,0.0007541205937880282,0.0005013240921356658,0.0003387975373614394,4e-05,1.93780856660722e-05,0.0003387972210564169
A,3,0.5,100000,0.4966859933038732,1.502994148250763,1.0000009336116205,100000,50,13,0.00045922652602249837,0.0003306066219940549,4.0,0.00045922652602249837,0.0003306066219940549,0.00016827599137327263,4e-05,1.93780856660722e-05,0.00016827583426899832
A,3,0.5,100000,0.4966859933038732,1.502994148250763,1.0000009336116205,100000,50,14,5.950825859261267e-05,3.611391230411395e-05,3.0,5.950825859261267e-05,3.611391230411395e-05,8.358032792442791e-05,3e-05,1.6963345838625587e-05,8.358024989293537e-05
A,3,0.5,100000,0.4966859933038732,1.502994148250763,1.0000009336116205,100000,50,15,5.25462799629481e-05,5.2546279962948076e-05,1.0,5.25462799629481e-05,5.2546279962948076e-05,4.151317819580793e-05,1e-05,1.0000000000000003e-05,4.1513139438658544e-05
A,3,0.5,100000,0.4966859933038732,1.502994148250763,1.0000009336116205,100000,50,16,8.368869772119579e-05,8.368869772119586e-05,1.0,8.368869772119579e-05,8.368869772119586e-05,2.061901414738555e-05,1e-05,1.0000000000000003e-05,2.061899489725231e-05
A,3,0.5,100000,0.4966859933038732,1.502994148250763,1.0000009336116205,100000,50,17,1.093461126726146e-05,1.0934611267261464e-05,1.0,1.093461126726146e-05,1.0934611267261464e-05,1.0241175522740808e-05,1e-05,1.0000000000000003e-05,1.0241165961469257e-05
A,3,0.7,100000,0.7203117552394672,1.5005577827937715,1.0000002991289751,100000,50,0,1.4980966278927292,0.0022964025389286802,100000.0,1.4980966278927292,0.0022964025389286802,1.5005577827937715,1.0,0.0,1.500557333933594
A,3,0.7,100000,0.7203117552394672,1.5005577827937715,1.0000002991289751,100000,50,1,1.0744027498557704,0.01060047675110863,38907.0,1.0744027498557704,0.01060047675110863,1.0808694103624248,0.38907,0.00137038725347611,1.0808690870431625
A,3,0.7,100000,0.7203117552394672,1.5005577827937715,1.0000002991289751,100000,50,2,0.7421758786367251,0.009360980712728565,19779.0,0.7421758786367251,0.009360980712728565,0.7785629421628062,0.19779000000000008,0.0011787307251654125,0.7785627092721408
A,3,0.7,100000,0.7203117552394672,1.5005577827937715,1.0000002991289751,100000,50,3,0.5115937788560216,0.008738329897413464,11178.0,0.5115937788560216,0.008738329897413464,0.5608080394336946,0.11178,0.0007767225754306832,0.5608078716798107
A,3,0.7,100000,0.7203117552394672,1.5005577827937715,1.0000002991289751,100000,50,4,0.345413706467887,0.007894832130447884,6707.0,0.345413706467887,0.007894832130447884,0.40395662323688897,0.06707,0.0006846733170062989,0.4039565024017944
A,3,0.7,100000,0.7203117552394672,1.5005577827937715,1.0000002991289751,100000,50,5,0.22854723940775673,0.0076139776149700845,4111.0,0.2312449789879474,0.007419923110582143,0.2909747043243716,0.04119,0.0005813232617863123,0.29097461728543256
A,3,0.7,100000,0.7203117552394672,1.5005577827937715,1.0000002991289751,100000,50,6,0.1488865611291389,0.006426246922675689,2590.0,0.1547267381981869,0.006440643205577731,0.20959250000217317,0.026109999999999994,0.0005039213576480734,0.2095924373070022
A,3,0.7,100000,0.7203117552394672,1.5005577827937715,1.0000002991289751,100000,50,7,0.09100222155998104,0.0044089711744876425,1616.0,0.0971866609340142,0.004623991262228059,0.15097194156159338,0.01645,0.0003847209431284352,0.15097189640152472
A,3,0.7,100000,0.7203117552394672,1.5005577827937715,1.0000002991289751,100000,50,8,0.057522418590273315,0.0032350776235460974,1003.0,0.06448624583012537,0.003544991531191233,0.10874686421814159,0.010420000000000006,0.0003021555215177665,0.10874683168881327
A,3,0.7,100000,0.7203117552394672,1.5005577827937715,1.0000002991289751,100000,50,9,0.03587779833329507,0.00234432145368726,651.0,0.04270057871243775,0.0030394003077885094,0.07833164464175758,0.006940000000000004,0.00027053989860036147,0.07833162121050001
A,3,0.7,100000,0.7203117552394672,1.5005577827937715,1.0000002991289751,100000,50,10,0.021724722985056545,0.0016542138844387743,408.0,0.026776158352121146,0.0021436829378550805,0.05642320444269862,0.004460000000000003,0.00021985152689383585,0.056423187564888344
A,3,0.7,100000,0.7203117552394672,1.5005577827937715,1.0000002991289751,100000,50,11,0.015199168759420758,0.001693905875308128,262.0,0.018795650921860026,0.0018100580375566002,0.040642297428355546,0.0029300000000000016,0.0001672161011679076,0.0406422852710704
A,3,0.7,100000,0.7203117552394672,1.5005577827937715,1.0000002991289751,100000,50,12,0.008668244576736324,0.00121994892547761,163.0,0.010918695192335475,0.0013355321362647642,0.029275124597583267,0.001900000000000001,0.00014356965173029838,0.02927511584054787
A,3,0.7,100000,0.7203117552394672,1.5005577827937715,1.0000002991289751,100000,50,13,0.004826745198841556,0.0008984211528272718,96.0,0.006248287007161187,0.0009760609900061346,0.021087216383739303,0.0011700000000000007,0.0001016295794961852,0.021087210075943764
A,3,0.7,100000,0.7203117552394672,1.5005577827937715,1.0000002991289751,100000,50,14,0.0025544117812979694,0.0004703803430745689,53.0,0.004006594125852655,0.0006000758159913767,0.015189369846485707,0.0007200000000000004,7.30669248716824e-05,0.01518936530290643
A,3,0.7,100000,0.7203117552394672,1.5005577827937715,1.0000002991289751,100000,50,15,0.0011094835368945883,0.0002616805276377238,31.0,0.0019408230874723214,0.0003647474103788942,0.010941081655103557,0.00048000000000000023,6.845227743263394e-05,0.010941078382309994
A,3,0.7,100000,0.7203117552394672,1.5005577827937715,1.0000002991289751,100000,50,16,0.0006790946895646561,0.00018466484476280308,19.0,0.0009600534726846771,0.00019308573828131815,0.00788098973120598,0.0002900000000000001,4.9672396144896314e-05,0.007880987373774302
A,3,0.7,100000,0.7203117552394672,1.5005577827937715,1.0000002991289751,100000,50,17,0.0004321132048628069,0.00015592680616757757,9.0,0.0005986330380440173,0.00015893732637526102,0.005676769546309195,0.00016000000000000007,3.3319725113401713e-05,0.0056767678482234464
A,3,0.7,100000,0.7203117552394672,1.5005577827937715,1.0000002991289751,100000,50,18,0.0003566406063157318,0.00016955576629627605,6.0,0.0004009594273954242,0.0001697506918517407,0.004089043835991931,9e-05,2.7441961017569343e-05,0.004089042612840804
A,3,0.7,100000,0.7203117552394672,1.5005577827937715,1.0000002991289751,100000,50,19,9.479993595351651e-05,5.6804476363332054e-05,3.0,0.00012250413920188497,5.924525804933606e-05,0.0029453863427544714,5e-05,2.1428571428571418e-05,0.0029453854617043367
A,3,0.9,100000,0.883213850451142,1.494363490041556,1.0000006709114584,100000,50,0,1.4932487463168402,0.0023693738490161488,100000.0,1.4932487463168402,0.0023693738490161488,1.494363490041556,1.0,0.0,1.4943624874566404
A,3,0.9,100000,0.883213850451142,1.494363490041556,1.0000006709114584,100000,50,1,1.314621608314622,0.007023747208498904,46807.0,1.314621608314622,0.007023747208498904,1.3198425320132094,0.46806999999999993,0.0016902487439210022,1.3198416465163256
A,3,0.9,100000,0.883213850451142,1.494363490041556,1.0000006709114584,100000,50,2,1.137451387931153,0.007745627070869412,28248.0,1.137451387931153,0.007745627070869412,1.1657032046885714,0.28248,0.001538416891031894,1.165702422605459
A,3,0.9,100000,0.883213850451142,1.494363490041556,1.0000006709114584,100000,50,3,0.9461859204215355,0.010002310209309334,18922.0,0.9461859204215355,0.010002310209309334,1.029565215896229,0.18922000000000008,0.0014140807932349272,1.029564525149592
A,3,0.9,100000,0.883213850451142,1.494363490041556,1.0000006709114584,100000,50,4,0.772382462057532,0.009695282673734715,13307.0,0.772382462057532,0.009695282673734715,0.9093262586222696,0.13306999999999994,0.0011859732935699792,0.9093256485452725
A,3,0.9,100000,0.883213850451142,1.494363490041556,1.0000006709114584,100000,50,5,0.6174103032903817,0.009154703839898791,9674.0,0.6174103032903817,0.009154703839898791,0.8031295461941057,0.09673999999999998,0.0010778133570581972,0.8031290073656521
A,3,0.9,100000,0.883213850451142,1.494363490041556,1.0000006709114584,100000,50,6,0.4764495641093754,0.00798422803091199,7179.0,0.4780555017097029,0.008160545466984304,0.7093351389051744,0.07182,0.0009600977841355745,0.7093346630044212
A,3,0.9,100000,0.883213850451142,1.494363490041556,1.0000006709114584,100000,50,7,0.36590129955856476,0.006848548705852296,5349.0,0.3681546973013502,0.007110470687346308,0.6264946192927346,0.053540000000000004,0.0008352978205284578,0.626494198970598
A,3,0.9,100000,0.883213850451142,1.494363490041556,1.0000006709114584,100000,50,8,0.2768719980139581,0.006347920894558913,4014.0,0.27899971241265553,0.006449389101908715,0.5533287249924586,0.040209999999999996,0.0006897337551992251,0.5533283537581257
A,3,0.9,100000,0.883213850451142,1.494363490041556,1.0000006709114584,100000,50,9,0.2090769896178163,0.005907370808222581,3002.0,0.21203999062431972,0.00601647066880748,0.48870759376581036,0.030139999999999986,0.0006006866818865877,0.48870726588650587
A,3,0.9,100000,0.883213850451142,1.494363490041556,1.0000006709114584,100000,50,10,0.15998999760538976,0.0054288220281248425,2288.0,0.1630508827199576,0.0055231719930593105,0.4316333156346138,0.02305,0.00048513621062248364,0.4316330260470709
A,3,0.9,100000,0.883213850451142,1.494363490041556,1.0000006709114584,100000,50,11,0.11739039718337235,0.005196000405482297,1728.0,0.12084090353285808,0.005309844438253761,0.3812245226846404,0.01755,0.00045361360883735505,0.3812242669169115
A,3,0.9,100000,0.883213850451142,1.494363490041556,1.0000006709114584,100000,50,12,0.08352734171556961,0.004085206549558938,1272.0,0.08866946168380084,0.004571793253914318,0.3367027785667,0.013070000000000002,0.0003865097617374848,0.3367025526690993
A,3,0.9,100000,0.883213850451142,1.494363490041556,1.0000006709114584,100000,50,13,0.06106155876392265,0.003504194779456351,950.0,0.06509645908968426,0.0037720186741783913,0.2973805575154933,0.009890000000000005,0.00036680918689672526,0.29738035799960366
A,3,0.9,100000,0.883213850451142,1.494363490041556,1.0000006709114584,100000,50,14,0.041641486329570813,0.0025446908199672725,690.0,0.045553675856905035,0.0029743584324583064,0.26265062725256616,0.007300000000000004,0.00028855728395320226,0.262650451037369
A,3,0.9,100000,0.883213850451142,1.494363490041556,1.0000006709114584,100000,50,15,0.02953059440122311,0.0021035633754219146,489.0,0.03307189806414798,0.0024876036806382026,0.23197667181914658,0.0052600000000000025,0.00023743527582076258,0.23197651618344378
A,3,0.9,100000,0.883213850451142,1.494363490041556,1.0000006709114584,100000,50,16,0.02042669471163857,0.001700010528395854,356.0,0.02322486359223248,0.0020443438939202986,0.20488500953222938,0.0039200000000000025,0.00024881761208088275,0.20488487207262104
A,3,0.9,100000,0.883213850451142,1.494363490041556,1.0000006709114584,100000,50,17,0.01492583959892863,0.0013540824963234218,265.0,0.01746886154266034,0.0016793629742294551,0.18095727816867924,0.0029600000000000017,0.00021373261953445762,0.1809571567624493
A,3,0.9,100000,0.883213850451142,1.494363490041556,1.0000006709114584,100000,50,18,0.010109775935176249,0.0010429805750141108,189.0,0.012428372027724326,0.001384481393503984,0.15982397441851756,0.0021700000000000014,0.00017647917145993086,0.15982386719085376
A,3,0.9,100000,0.883213850451142,1.494363490041556,1.0000006709114584,100000,50,19,0.007435679291745557,0.0008954582035548199,144.0,0.009195025356804666,0.0011340845409410103,0.14115874784058371,0.001710000000000001,0.0001519196887725047,0.14115865313562587
A,3,0.9,100000,0.883213850451142,1.494363490041556,1.0000006709114584,100000,50,20,0.004804202898297223,0.0007322332741912999,103.0,0.006051077384155898,0.0009637514770878061,0.12467336120514376,0.0012200000000000004,0.00013935712455151084,0.1246732775604133
A,3,0.9,100000,0.883213850451142,1.494363490041556,1.0000006709114584,100000,50,21,0.0030658546877826496,0.0004735723451977879,68.0,0.0043533115450714085,0.00072304141097984,0.11011323939868105,0.0008300000000000004,0.00011029644655404351,0.11011316552249659
A,3,0.9,100000,0.883213850451142,1.494363490041556,1.0000006709114584,100000,50,22,0.0024444333199541016,0.00047756048703479604,48.0,0.003425164427607275,0.0005893974918386454,0.09725353815495748,0.0006100000000000003,8.605883132473732e-05,0.09725347290648814
A,3,0.9,100000,0.883213850451142,1.494363490041556,1.0000006709114584,100000,50,23,0.0020347469443962292,0.000487007068840278,35.0,0.0030850878312602015,0.0006980646947755866,0.08589567190383704,0.0004600000000000002,7.401047912564922e-05,0.08589561427548521
A,3,0.9,100000,0.883213850451142,1.494363490041556,1.0000006709114584,100000,50,24,0.0009127859634051287,0.00028039354638079975,18.0,0.002135332271878741,0.0005336763948713975,0.07586424711927589,0.00031000000000000016,5.6946089794270686e-05,0.07586419622111737
A,3,0.9,100000,0.883213850451142,1.494363490041556,1.0000006709114584,100000,50,25,0.0006442748684703136,0.00023000668646306987,12.0,0.0014721775363680197,0.00038109025373921665,0.06700435380979262,0.0002300000000000001,5.192223384396068e-05,0.06700430885583405
A,3,0.9,100000,0.883213850451142,1.494363490041556,1.0000006709114584,100000,50,26,0.0005777659989222193,0.0002507349269407626,9.0,0.0012653871013193418,0.0003628887072329343,0.059179173325337585,0.00019000000000000006,4.714285714285716e-05,0.05917913362137874
A,3,0.9,100000,0.883213850451142,1.494363490041556,1.0000006709114584,100000,50,27,0.00031268733277363723,0.00015271501727871548,6.0,0.0008505750347646284,0.00028866095444150835,0.05226786553918692,0.00014000000000000004,3.510915922127004e-05,0.052267830472100554
A,3,0.9,100000,0.883213850451142,1.494363490041556,1.0000006709114584,100000,50,28,0.00015681012138100064,8.664692219255195e-05,4.0,0.000905110600889786,0.00036509584968815617,0.04616370277772783,0.00012000000000000004,3.05059378629466e-05,0.04616367180599146
A,3,0.9,100000,0.883213850451142,1.494363490041556,1.0000006709114584,100000,50,29,0.00017918283854274659,0.00010537947774476169,3.0,0.0004619447713310337,0.00016666291560785083,0.04077242168139907,8e-05,2.61861468283191e-05,0.04077239432673254
A,3,0.9,100000,0.883213850451142,1.494363490041556,1.0000006709114584,100000,50,30,0.0001837105716972082,0.0001149882436023767,3.0,0.0002581881042515955,0.0001217337848895171,0.036010767545446104,6e-05,2.3211538298959886e-05,0.036010743385425745
A,3,0.9,100000,0.883213850451142,1.494363490041556,1.0000006709114584,100000,50,31,8.905657998671299e-05,5.7556061219755145e-05,3.0,9.950058695383446e-05,5.817055863170632e-05,0.03180520866151447,4e-05,1.93780856660722e-05,0.03180518732304986
A,3,0.9,100000,0.883213850451142,1.494363490041556,1.0000006709114584,100000,50,32,2.6502553240586777e-05,2.6502553240586757e-05,1.0,2.6502553240586777e-05,2.6502553240586757e-05,0.028090800806338204,1e-05,1.0000000000000006e-05,0.028090781959910716
A,3,0.9,100000,0.883213850451142,1.494363490041556,1.0000006709114584,100000,50,33,2.0651818481070513e-05,2.0651818481070482e-05,1.0,2.0651818481070513e-05,2.0651818481070482e-05,0.02481018434242201,1e-05,1.0000000000000006e-05,0.02481016769699622
B,2,0.9,1000,0.8428449006008042,1.5058403914020024,1.0000513494876502,200000,100,0,1.506630473889007,0.0014900525779272806,200000.0,1.506630473889007,0.0014900525779272806,1.5058403914020024,1.0,0.0,1.5057630712397718
B,2,0.9,1000,0.8428449006008042,1.5058403914020024,1.0000513494876502,200000,100,1,1.2707426839916622,0.005738248530906745,94520.0,1.2707426839916622,0.005738248530906745,1.2691898950118967,0.4725999999999999,0.0012992616395787284,1.2691247261074472
B,2,0.9,1000,0.8428449006008042,1.5058403914020024,1.0000513494876502,200000,100,2,0.9923370635491223,0.007967987464308249,55996.0,0.9927336212687493,0.007988891596720208,1.0697302309048473,0.2800099999999999,0.0012654894848886078,1.069675303626054
B,2,0.9,1000,0.8428449006008042,1.5058403914020024,1.0000513494876502,200000,100,3,0.6965160562269471,0.008633229187123368,35241.0,0.7108325190273217,0.009536086907965473,0.9016166701366713,0.17747500000000002,0.0012299580143938721,0.9015703749598366
B,2,0.9,1000,0.8428449006008042,1.5058403914020024,1.0000513494876502,200000,100,4,0.42368501546464005,0.006669590263865556,21669.0,0.4789103195164749,0.009519611703192451,0.7599230127213709,0.11515999999999993,0.001122066995965189,0.7598839930676533
B,2,0.9,1000,0.8428449006008042,1.5058403914020024,1.0000513494876502,200000,100,5,0.224359411824679,0.0038115712103672255,12128.0,0.30433620118424265,0.007790729691945818,0.6404972361214074,0.073725,0.0010131801867926014,0.6404643486052484
B,2,0.9,1000,0.8428449006008042,1.5058403914020024,1.0000513494876502,200000,100,6,0.10722221710335424,0.002317149573768911,6230.0,0.18599310953028028,0.005958508202078564,0.5398398293138374,0.04676000000000003,0.000876358397234853,0.5398121102385494
B,2,0.9,1000,0.8428449006008042,1.5058403914020024,1.0000513494876502,200000,100,7,0.04888208123234114,0.0014945561249210498,2976.0,0.11183109154671113,0.004582117106713595,0.4550012472783765,0.028750000000000005,0.000740580580328431,0.45497788439712056
B,2,0.9,1000,0.8428449006008042,1.5058403914020024,1.0000513494876502,200000,100,8,0.017966145840184126,0.0007672097325679957,1171.0,0.06463380230387566,0.0032631943678334274,0.3834954810355851,0.017039999999999993,0.0005841198161301836,0.3834757897502552
B,2,0.9,1000,0.8428449006008042,1.5058403914020024,1.0000513494876502,200000,100,9,0.007026328675950277,0.00044423950363317556,449.0,0.037568616631526865,0.0023555409984853414,0.3232272105942953,0.010184999999999993,0.0004552530099080104,0.32321061389486877
B,2,0.9,1000,0.8428449006008042,1.5058403914020024,1.0000513494876502,200000,100,10,0.0023896513634395597,0.00025102771885697733,163.0,0.021044756957546727,0.0015614273554954837,0.27243040618482406,0.0059949999999999995,0.00033563560989004524,0.27241641774134556
B,2,0.9,1000,0.8428449006008042,1.5058403914020024,1.0000513494876502,200000,100,11,0.0006525761722040684,0.00014319752791874324,45.0,0.011046148603804696,0.0010026013604220495,0.22961657862148474,0.0032500000000000025,0.0002154980137713431,0.22960478853323155
B,2,0.9,1000,0.8428449006008042,1.5058403914020024,1.0000513494876502,200000,100,12,0.00016856658178972196,6.55330938688608e-05,11.0,0.006116872289404131,0.0006014643184051125,0.19353116238452206,0.001795000000000001,0.00013240109706890842,0.19352122516876022
B,2,0.9,1000,0.8428449006008042,1.5058403914020024,1.0000513494876502,200000,100,13,4.5932705414391796e-05,2.8190921375275395e-05,3.0,0.003215587665073904,0.0003811429949318235,0.16311675332314057,0.0009750000000000006,8.568647336173733e-05,0.16310837779150955
B,2,0.9,1000,0.8428449006008042,1.5058403914020024,1.0000513494876502,200000,100,14,0.0,0.0,0.0,0.0015363620589585766,0.00023449630233682026,0.13748212374096833,0.0005250000000000003,6.0039969851741105e-05,0.1374750644668433
B,2,0.9,1000,0.8428449006008042,1.5058403914020024,1.0000513494876502,200000,100,15,0.0,0.0,0.0,0.000827613957912617,0.00018157104947640605,0.1158761069188439,0.0002750000000000002,4.515685345704921e-05,0.11587015704564567
B,2,0.9,1000,0.8428449006008042,1.5058403914020024,1.0000513494876502,200000,100,16,0.0,0.0,0.0,0.000393906771721249,9.945584784374706e-05,0.09766558581802115,0.00014500000000000006,3.121690166392159e-05,0.0976605709977368
B,2,0.9,1000,0.8428449006008042,1.5058403914020024,1.0000513494876502,200000,100,17,0.0,0.0,0.0,0.00019658393123629482,5.3741322716342906e-05,0.08231694097090934,7.500000000000003e-05,1.7943514064131846e-05,0.08231271425520525
B,2,0.9,1000,0.8428449006008042,1.5058403914020024,1.0000513494876502,200000,100,18,0.0,0.0,0.0,0.00014251103580823296,5.235674565043694e-05,0.06938041393038835,5.000000000000001e-05,1.5075567228888177e-05,0.06937685146461087
B,2,0.9,1000,0.8428449006008042,1.5058403914020024,1.0000513494876502,200000,100,19,0.0,0.0,0.0,8.365549362911222e-05,3.31175988694686e-05,0.05847692808280082,4e-05,1.363299621721452e-05,0.0584739254766867
B,2,0.9,1000,0.8428449006008042,1.5058403914020024,1.0000513494876502,200000,100,20,0.0,0.0,0.0,3.2238684775247443e-05,2.746263163019952e-05,0.04928698063738863,1e-05,7.0352647068144864e-06,0.04928444990613683
B,2,0.9,3000,0.8516268369413057,1.5002590318454767,1.0001024098003162,200000,100,0,1.5028484342363786,0.0016950259288339357,200000.0,1.5028484342363786,0.0016950259288339357,1.5002590318454767,1.0,0.0,1.5001054063503592
B,2,0.9,3000,0.8516268369413057,1.5002590318454767,1.0001024098003162,200000,100,1,1.2813271016088634,0.005030965633117133,94469.0,1.2813271016088634,0.005030965633117133,1.2776608538831888,0.4723450000000002,0.001176789310287988,1.2775300222887085
B,2,0.9,3000,0.8516268369413057,1.5002590318454767,1.0001024098003162,200000,100,2,1.0153245938795212,0.0062372528317434575,55930.0,1.0153245938795212,0.0062372528317434575,1.088090271676268,0.2796500000000001,0.0011105440472165334,1.0879788519792886
B,2,0.9,3000,0.8516268369413057,1.5002590318454767,1.0001024098003162,200000,100,3,0.7410446031390963,0.006879670785580496,35424.0,0.741499602239157,0.006941555229475482,0.9266468763742661,0.17714499999999997,0.00093755255744934,0.9265519883701545
B,2,0.9,3000,0.8516268369413057,1.5002590318454767,1.0001024098003162,200000,100,4,0.492407639005361,0.0058465469455434415,23081.0,0.5013248391077106,0.006743797123898947,0.7891573482881573,0.11609499999999998,0.0008843103516185922,0.7890765391173522
B,2,0.9,3000,0.8516268369413057,1.5002590318454767,1.0001024098003162,200000,100,5,0.3048942243041117,0.005026452676915164,14514.0,0.32628623224429454,0.006243304069960277,0.6720675763716318,0.07492499999999999,0.0007915071609648176,0.6719987571131031
B,2,0.9,3000,0.8516268369413057,1.5002590318454767,1.0001024098003162,200000,100,6,0.17626738401878414,0.0036668017893579236,8806.0,0.20404621262422665,0.005363099272324701,0.5723507842761821,0.04795500000000001,0.0007198167204998166,0.5722921759487207
B,2,0.9,3000,0.8516268369413057,1.5002590318454767,1.0001024098003162,200000,100,7,0.09586346636621157,0.0024489250691012744,5030.0,0.12498517202218809,0.004335493309990007,0.48742928803400065,0.030040000000000004,0.0006023388757270456,0.48737937560946626
B,2,0.9,3000,0.8516268369413057,1.5002590318454767,1.0001024098003162,200000,100,8,0.05000329446013259,0.0015347315363272447,2784.0,0.07457295514262775,0.00301390070257113,0.4151078628009486,0.018519999999999995,0.00046919875825440397,0.41506535604071826
B,2,0.9,3000,0.8516268369413057,1.5002590318454767,1.0001024098003162,200000,100,9,0.024424443828377277,0.0010166213460825503,1448.0,0.04406302232351193,0.002267493818036892,0.35351699618663734,0.011269999999999995,0.00038615038678230175,0.3534807962888738
B,2,0.9,3000,0.8516268369413057,1.5002590318454767,1.0001024098003162,200000,100,10,0.011392778825386495,0.0005636439133508504,719.0,0.024868381261636156,0.00155027196199525,0.3010645612674176,0.006619999999999998,0.0002683770903528516,0.30103373246298765
B,2,0.9,3000,0.8516268369413057,1.5002590318454767,1.0001024098003162,200000,100,11,0.005938209865194161,0.0004141960750223393,356.0,0.014673071457491799,0.0011870265381566391,0.2563946600272928,0.003930000000000003,0.00021141896745084106,0.25636840539008937
B,2,0.9,3000,0.8516268369413057,1.5002590318454767,1.0001024098003162,200000,100,12,0.002840100431558149,0.0003030511989488853,162.0,0.008959465749824638,0.0008267668994126632,0.21835257332768476,0.0023700000000000014,0.00015334980148719337,0.21833021417404821
B,2,0.9,3000,0.8516268369413057,1.5002590318454767,1.0001024098003162,200000,100,13,0.0014044406670308761,0.00020151732955893533,85.0,0.0052911566581270095,0.000573735453077007,0.1859549113610507,0.001455000000000001,0.00012331592833781922,0.1859358697057625
B,2,0.9,3000,0.8516268369413057,1.5002590318454767,1.0001024098003162,200000,100,14,0.00044246168863268853,0.00010339369580965882,34.0,0.002639102372746897,0.00034260066088393794,0.15836419297611248,0.0007650000000000004,7.435072496640702e-05,0.15834797659144928
B,2,0.9,3000,0.8516268369413057,1.5002590318454767,1.0001024098003162,200000,100,15,0.00020099239265898997,8.564163285309125e-05,12.0,0.001537802403426689,0.00028691925524688944,0.1348671967490092,0.00045500000000000027,5.907322967848012e-05,0.13485338644063186
B,2,0.9,3000,0.8516268369413057,1.5002590318454767,1.0001024098003162,200000,100,16,0.00015822423852938894,6.681300185895571e-05,9.0,0.0009021007811324155,0.0002292570315248508,0.11485652417449947,0.00025000000000000006,4.522670168666457e-05,0.11484476294525889
B,2,0.9,3000,0.8516268369413057,1.5002590318454767,1.0001024098003162,200000,100,17,4.2164155940142104e-05,2.7201729257973263e-05,4.0,0.000535484874432753,0.0001385988250349462,0.09781489838480159,0.00014500000000000006,3.2794893665097515e-05,0.0978048822063449
B,2,0.9,3000,0.8516268369413057,1.5002590318454767,1.0001024098003162,200000,100,18,6.016229344569201e-06,6.01622934456919e-06,1.0,0.0004257777277441638,0.00016542185249675043,0.08330179251718381,9.000000000000005e-05,2.2896340848319498e-05,0.08329326247080648
B,2,0.9,3000,0.8516268369413057,1.5002590318454767,1.0001024098003162,200000,100,19,2.2788202245261133e-05,2.2788202245261126e-05,1.0,0.00027699479438899504,0.00010716525819833211,0.07094204207295017,7.500000000000002e-05,2.1759706994462228e-05,0.07093477765653489
B,2,0.9,3000,0.8516268369413057,1.5002590318454767,1.0001024098003162,200000,100,20,0.0,0.0,0.0,0.00019098331970383652,9.27360887780395e-05,0.060416146896743586,5.5000000000000016e-05,1.7254775360092996e-05,0.06040996032476961
B,2,0.9,3000,0.8516268369413057,1.5002590318454767,1.0001024098003162,200000,100,21,0.0,0.0,0.0,0.00015374427968630735,0.00012308912804782874,0.05145201208185502,2.5e-05,1.3055824196677368e-05,0.05144674343113332
B,2,0.9,3000,0.8516268369413057,1.5002590318454767,1.0001024098003162,200000,100,22,0.0,0.0,0.0,0.00015599534172889128,0.00015599534172889147,0.043817914303536036,1e-05,1.0000000000000003e-05,0.04381342737918696
B,2,0.9,3000,0.8516268369413057,1.5002590318454767,1.0001024098003162,200000,100,23,0.0,0.0,0.0,9.169689904627498e-05,9.169689904627521e-05,0.03731651175968559,1e-05,1.0000000000000003e-05,0.0373126905744946
B,2,0.9,3000,0.8516268369413057,1.5002590318454767,1.0001024098003162,200000,100,24,0.0,0.0,0.0,3.8981905162199587e-05,3.898190516219966e-05,0.03177974287558408,1e-05,1.0000000000000003e-05,0.031776488651726505
B,2,0.9,3000,0.8516268369413057,1.5002590318454767,1.0001024098003162,200000,100,25,0.0,0.0,0.0,6.451248990182722e-05,6.451248990182737e-05,0.02706448190394166,5e-06,5.000000000000001e-06,0.027061710519571135
B,2,0.9,3000,0.8516268369413057,1.5002590318454767,1.0001024098003162,200000,100,26,0.0,0.0,0.0,2.144197691804728e-05,2.144197691804729e-05,0.023048839117309046,5e-06,5.000000000000001e-06,0.023046478932003626
B,2,0.9,10000,0.9120466808081541,1.5028510880620483,1.000001984396866,200000,100,0,1.5021649187575985,0.001999065090952148,200000.0,1.5021649187575985,0.001999065090952148,1.5028510880620483,1.0,0.0,1.5028481058149772
B,2,0.9,10000,0.9120466808081541,1.5028510880620483,1.000001984396866,200000,100,1,1.3695026829671004,0.005773381121819517,93848.0,1.3695026829671004,0.005773381121819517,1.370670346615914,0.46923999999999977,0.0013188891867282426,1.3706676266673714
B,2,0.9,10000,0.9120466808081541,1.5028510880620483,1.000001984396866,200000,100,2,1.169766205298163,0.007739741766291037,55599.0,1.169766205298163,0.007739741766291037,1.2501153401132066,0.27799499999999994,0.001071237719894725,1.2501128593931663
B,2,0.9,10000,0.9120466808081541,1.5028510880620483,1.000001984396866,200000,100,3,0.9087038947611926,0.008213334367761135,35872.0,0.9094726831618946,0.008226576061901143,1.1401635465776065,0.17938500000000004,0.0009314064254088702,1.1401612840451278
B,2,0.9,10000,0.9120466808081541,1.5028510880620483,1.000001984396866,200000,100,4,0.6545732857774723,0.00808586312567543,23884.0,0.6614743864537165,0.008269810127087503,1.0398823782345594,0.1197,0.0007724747061989615,1.039880314699322
B,2,0.9,10000,0.9120466808081541,1.5028510880620483,1.000001984396866,200000,100,5,0.4395638812184147,0.007143156085384438,15851.0,0.45819644614101535,0.008115634881404652,0.9484212714997193,0.08029999999999994,0.00069128777501037,0.9484193894592553
B,2,0.9,10000,0.9120466808081541,1.5028510880620483,1.000001984396866,200000,100,6,0.27108290506876054,0.005703218732388706,10362.0,0.3030675847576403,0.007143116911478972,0.8650044726791681,0.05409000000000001,0.0005686853526362628,0.8650027561704099
B,2,0.9,10000,0.9120466808081541,1.5028510880620483,1.000001984396866,200000,100,7,0.16306223793373775,0.003940774952136105,6442.0,0.19630501965308184,0.005461556858454989,0.7889244581912429,0.03541999999999999,0.0005023037834907188,0.7889228926551273
B,2,0.9,10000,0.9120466808081541,1.5028510880620483,1.000001984396866,200000,100,8,0.09524116106131952,0.002959940298454247,3963.0,0.12483637858822441,0.0044185880651747365,0.7195359335016944,0.023164999999999995,0.00040031900158536433,0.7195345056596765
B,2,0.9,10000,0.9120466808081541,1.5028510880620483,1.000001984396866,200000,100,9,0.052478629384824546,0.0018930718095272736,2271.0,0.07872426482592786,0.003544233518947098,0.6562503598724171,0.01466,0.0003343076669201833,0.6562490576138439
B,2,0.9,10000,0.9120466808081541,1.5028510880620483,1.000001984396866,200000,100,10,0.02867543252200996,0.001348097024126795,1298.0,0.048478419061924446,0.0027238764587385793,0.5985309625007947,0.009394999999999997,0.000281077921544539,0.5985297747801854
B,2,0.9,10000,0.9120466808081541,1.5028510880620483,1.000001984396866,200000,100,11,0.015004205020067383,0.0008570232391692135,748.0,0.029105015651717484,0.00199469264248535,0.5458881777097595,0.005889999999999999,0.00023361238724594092,0.5458870944531202
B,2,0.9,10000,0.9120466808081541,1.5028510880620483,1.000001984396866,200000,100,12,0.007712499586258084,0.0005714289527004448,406.0,0.017722492096206213,0.0015224030611899193,0.49787550057259794,0.0037200000000000024,0.00020217504167119017,0.49787451259197557
B,2,0.9,10000,0.9120466808081541,1.5028510880620483,1.000001984396866,200000,100,13,0.0036300187402959747,0.0003714174532578608,206.0,0.010487075355039366,0.0010408809164815925,0.45408569775293617,0.0022650000000000014,0.00014897884739014782,0.45408479666848883
B,2,0.9,10000,0.9120466808081541,1.5028510880620483,1.000001984396866,200000,100,14,0.002167389759080143,0.00033906614041202186,103.0,0.00617772654971857,0.0006855587316361993,0.4141473534380201,0.001430000000000001,0.00011459634912301191,0.4141465316069408
B,2,0.9,10000,0.9120466808081541,1.5028510880620483,1.000001984396866,200000,100,15,0.0010891347742029063,0.0002360425675454656,50.0,0.004090998694114478,0.0006480371260502181,0.37772171906862767,0.0008600000000000005,9.403416529338814e-05,0.3777209695203196
B,2,0.9,10000,0.9120466808081541,1.5028510880620483,1.000001984396866,200000,100,16,0.0006430769297135309,0.00020459204365680695,25.0,0.0023537513052246757,0.0005373906439698332,0.34449984014569196,0.0005000000000000003,6.96310623822791e-05,0.34449915652264546
B,2,0.9,10000,0.9120466808081541,1.5028510880620483,1.000001984396866,200000,100,17,0.0002317753663717798,9.495434728079216e-05,11.0,0.0013385676712817313,0.0004016212111949701,0.314199935743818,0.0002700000000000001,5.046250733430365e-05,0.31419931224768755
B,2,0.9,10000,0.9120466808081541,1.5028510880620483,1.000001984396866,200000,100,18,7.617839263666038e-05,6.0701181804014796e-05,4.0,0.000803847033326728,0.0002497437008615767,0.2865650085052845,0.00015500000000000008,3.739969750863467e-05,0.2865644398477082
B,2,0.9,10000,0.9120466808081541,1.5028510880620483,1.000001984396866,200000,100,19,0.0,0.0,0.0,0.00028278979637869783,9.919675530387496e-05,0.2613606648430052,8.000000000000002e-05,2.5346089292516907e-05,0.2613601462007502
B,2,0.9,10000,0.9120466808081541,1.5028510880620483,1.000001984396866,200000,100,20,0.0,0.0,0.0,8.246452820631474e-05,3.689348120333625e-05,0.2383731268638753,2.5e-05,1.0952145677879518e-05,0.2383726538379281
B,2,0.9,10000,0.9120466808081541,1.5028510880620483,1.000001984396866,200000,100,21,0.0,0.0,0.0,6.005677441540453e-05,3.3682311360401045e-05,0.21740741915005848,2e-05,9.847319278346626e-06,0.21740698772831343
B,2,0.9,10000,0.9120466808081541,1.5028510880620483,1.000001984396866,200000,100,22,0.0,0.0,0.0,1.1771515997655497e-05,8.32660037926424e-06,0.19828571501887798,1e-05,7.0352647068144864e-06,0.19828532154210737
B,2,0.9,10000,0.9120466808081541,1.5028510880620483,1.000001984396866,200000,100,23,0.0,0.0,0.0,5.8997824154272715e-06,5.8997824154272715e-06,0.1808458282346392,5e-06,5e-06,0.1808454693654566
B,2,0.9,30000,0.9110213748499146,1.5020549364511617,1.0000068772696844,200000,100,0,1.502309417339539,0.0018186914555709908,200000.0,1.502309417339539,0.0018186914555709908,1.5020549364511617,1.0,0.0,1.502044606485325
B,2,0.9,30000,0.9110213748499146,1.5020549364511617,1.0000068772696844,200000,100,1,1.365810694411374,0.005710311873295927,93764.0,1.365810694411374,0.005710311873295927,1.3684041533058384,0.4688200000000001,0.0012443918639685448,1.3683947424861598
B,2,0.9,30000,0.9110213748499146,1.5020549364511617,1.0000068772696844,200000,100,2,1.145749863657741,0.006413438624301056,55489.0,1.145749863657741,0.006413438624301056,1.2466454330950183,0.27744499999999994,0.0010036774553328538,1.2466368596371362
B,2,0.9,30000,0.9110213748499146,1.5020549364511617,1.0000068772696844,200000,100,3,0.9010808815177491,0.0071398048590942485,35694.0,0.9010808815177491,0.0071398048590942485,1.135720636408591,0.17847000000000007,0.0008455414857003789,1.1357128258052038
B,2,0.9,30000,0.9110213748499146,1.5020549364511617,1.0000068772696844,200000,100,4,0.6614577215235978,0.007298979250068215,23748.0,0.6629568544385006,0.007306167677183303,1.0346657756263746,0.11877000000000008,0.0006921062859930626,1.0346586599997385
B,2,0.9,30000,0.9110213748499146,1.5020549364511617,1.0000068772696844,200000,100,5,0.44914347963457923,0.005948986257069915,15765.0,0.45593582375211567,0.006419682465890877,0.9426026374212929,0.07902499999999998,0.000559237169831559,0.942596154933332
B,2,0.9,30000,0.9110213748499146,1.5020549364511617,1.0000068772696844,200000,100,6,0.2935989180270976,0.004660441512780881,10441.0,0.3037200899946443,0.005009804327197139,0.8587311506807018,0.052690000000000035,0.0005051642397190336,0.8587252449956073
B,2,0.9,30000,0.9110213748499146,1.5020549364511617,1.0000068772696844,200000,100,7,0.18577772788140204,0.003695695435895698,6883.0,0.19741777262358215,0.00419044718108463,0.7823224335195822,0.035195,0.00041095448149227655,0.7823170533142279
B,2,0.9,30000,0.9110213748499146,1.5020549364511617,1.0000068772696844,200000,100,8,0.11464267912507493,0.0028787182663308443,4328.0,0.12500298036076207,0.0032721098954329847,0.7127124589609408,0.02259499999999999,0.0003161235374170846,0.7127075574788619
B,2,0.9,30000,0.9110213748499146,1.5020549364511617,1.0000068772696844,200000,100,9,0.06619844020857045,0.002045555421468244,2738.0,0.07655052191862294,0.0023156988281090554,0.6492962842352596,0.014754999999999996,0.0002662397150287422,0.6492918188803173
B,2,0.9,30000,0.9110213748499146,1.5020549364511617,1.0000068772696844,200000,100,10,0.03743122116042491,0.0014019249363280742,1663.0,0.04538975557637046,0.001692997376455297,0.5915227935489472,0.00926499999999999,0.00021654483754332882,0.5915187255151485
B,2,0.9,30000,0.9110213748499146,1.5020549364511617,1.0000068772696844,200000,100,11,0.021607346165771996,0.0009918949472616189,1020.0,0.027302298973059767,0.001237417144796972,0.5388899086340241,0.005915000000000001,0.00017071670076237983,0.5388862025682798
B,2,0.9,30000,0.9110213748499146,1.5020549364511617,1.0000068772696844,200000,100,12,0.012571538988378537,0.0007156325765924734,592.0,0.016564685435302897,0.0008717743993642028,0.4909402254565135,0.0036050000000000023,0.0001506375340566443,0.4909368491514039
B,2,0.9,30000,0.9110213748499146,1.5020549364511617,1.0000068772696844,200000,100,13,0.006974084928914005,0.00047887632496060664,341.0,0.009372417994950626,0.0006052052488980877,0.44725703916452,0.0021750000000000016,0.00011312257587111942,0.4472539632783971
B,2,0.9,30000,0.9110213748499146,1.5020549364511617,1.0000068772696844,200000,100,14,0.003793579049296297,0.0003104524583612589,203.0,0.00543583967892376,0.00037878378371487847,0.4074607227309631,0.001340000000000001,8.28409697108035e-05,0.4074579205329586
B,2,0.9,30000,0.9110213748499146,1.5020549364511617,1.0000068772696844,200000,100,15,0.0019935053093012144,0.00026409768886690674,110.0,0.002914418466278319,0.0003014153247704292,0.37120542781970184,0.0007550000000000006,5.9243974249272695e-05,0.37120287495742316
B,2,0.9,30000,0.9110213748499146,1.5020549364511617,1.0000068772696844,200000,100,16,0.0010318965723568941,0.00023494613378090057,57.0,0.0015994333993708033,0.00027574200116485856,0.33817607920405557,0.0004200000000000003,4.422166387140536e-05,0.3381737534919526
B,2,0.9,30000,0.9110213748499146,1.5020549364511617,1.0000068772696844,200000,100,17,0.0007021971913479179,0.00018784588402162155,39.0,0.001030251783545382,0.00022054247534742129,0.3080856366178323,0.00028000000000000014,4.040202015151266e-05,0.3080835178443948
B,2,0.9,30000,0.9110213748499146,1.5020549364511617,1.0000068772696844,200000,100,18,0.00041726356658567445,0.00013034020919825063,22.0,0.000687309702290529,0.00016695487923519382,0.2806726002430888,0.0001700000000000001,3.273709168080106e-05,0.28067066999519874
B,2,0.9,30000,0.9110213748499146,1.5020549364511617,1.0000068772696844,200000,100,19,0.00020520247827647404,8.165905443537062e-05,9.0,0.0004983067463218762,0.00014786719611555136,0.2556987381561593,0.00010500000000000005,3.0397202157269325e-05,0.2556969796590727
B,2,0.9,30000,0.9110213748499146,1.5020549364511617,1.0000068772696844,200000,100,20,6.029650776141773e-05,3.198255666463114e-05,4.0,0.000264287904403685,0.00010791369867188568,0.2329470159824125,6.000000000000002e-05,1.9174899417644068e-05,0.232945413953979
B,2,0.9,30000,0.9110213748499146,1.5020549364511617,1.0000068772696844,200000,100,21,6.16699603581424e-05,3.5137466317187514e-05,4.0,0.00016704850139551375,8.02619345747376e-05,0.2122197107674825,5.000000000000001e-05,1.666666666666666e-05,0.21221825128533647
B,2,0.9,30000,0.9110213748499146,1.5020549364511617,1.0000068772696844,200000,100,22,5.6394925381792735e-05,2.981705982237142e-05,4.0,8.71678064381537e-05,3.8951305310958414e-05,0.19333669267364315,3.5000000000000004e-05,1.465943347810515e-05,0.1933353630542119
B,2,0.9,30000,0.9110213748499146,1.5020549364511617,1.0000068772696844,200000,100,23,2.6052573324253822e-05,1.5161653677266209e-05,3.0,5.6404631560025486e-05,2.641639971561481e-05,0.17613385956847777,3e-05,1.3889898953170731e-05,0.1761326482567555
B,2,0.9,30000,0.9110213748499146,1.5020549364511617,1.0000068772696844,200000,100,24,7.543383902370731e-06,7.5433839023707225e-06,1.0,2.9957104374482027e-05,1.9114009574686205e-05,0.16046171090169642,2e-05,1.214391812697812e-05,0.16046060737082582
B,2,0.9,30000,0.9110213748499146,1.5020549364511617,1.0000068772696844,200000,100,25,0.0,0.0,0.0,2.753875130368802e-05,2.7538751303687963e-05,0.14618404847643302,1e-05,1.0000000000000003e-05,0.14618304313622207
B,2,0.9,30000,0.9110213748499146,1.5020549364511617,1.0000068772696844,200000,100,26,0.0,0.0,0.0,1.2865824441314888e-05,1.286582444131488e-05,0.13317679282412656,5e-06,5.000000000000001e-06,0.1331758769377054
B,2,0.9,30000,0.9110213748499146,1.5020549364511617,1.0000068772696844,200000,100,27,0.0,0.0,0.0,6.849676845138562e-06,6.849676845138571e-06,0.12132690489673802,5e-06,5.000000000000001e-06,0.12132607050463141
B,2,0.9,100000,0.8963045525249946,1.4984119280245416,1.000000489438439,200000,100,0,1.4950153359391793,0.0016880340943109095,200000.0,1.4950153359391793,0.0016880340943109095,1.4984119280245416,1.0,0.0,1.4984111946445053
B,2,0.9,100000,0.8963045525249946,1.4984119280245416,1.000000489438439,200000,100,1,1.3327248412309616,0.005776532093081429,93410.0,1.3327248412309616,0.005776532093081429,1.3430334326461513,0.46705000000000013,0.0010071587197997564,1.3430327753142859
B,2,0.9,100000,0.8963045525249946,1.4984119280245416,1.000000489438439,200000,100,2,1.1098299242398864,0.007093061539627099,54934.0,1.1098299242398864,0.007093061539627099,1.203766979874016,0.27466999999999997,0.0010791228199820717,1.2037663907044727
B,2,0.9,100000,0.8963045525249946,1.4984119280245416,1.000000489438439,200000,100,3,0.8627456435244717,0.0073321510286368085,35166.0,0.8627456435244717,0.0073321510286368085,1.0789418242403441,0.1758300000000001,0.0007991226249437376,1.0789412961650002
B,2,0.9,100000,0.8963045525249946,1.4984119280245416,1.000000489438439,200000,100,4,0.6232590605621766,0.006496916029020522,23232.0,0.6232590605621766,0.006496916029020522,0.9670604689762431,0.11616000000000003,0.0006569703958399504,0.9670599956599083
B,2,0.9,100000,0.8963045525249946,1.4984119280245416,1.000000489438439,200000,100,5,0.42293559920677437,0.0051535272643133505,15455.0,0.42293559920677437,0.0051535272643133505,0.8667807009103631,0.07727499999999997,0.0006254846605681556,0.8667802766747774
B,2,0.9,100000,0.8963045525249946,1.4984119280245416,1.000000489438439,200000,100,6,0.2762146906687788,0.003907105448748396,10270.0,0.2766211215956573,0.003932038613753961,0.7768994882667642,0.05137000000000001,0.00047713475639233797,0.7768991080224774
B,2,0.9,100000,0.8963045525249946,1.4984119280245416,1.000000489438439,200000,100,7,0.1771447040868695,0.003176278118818284,6722.0,0.1777554344731294,0.0032359193183914476,0.6963385481878394,0.03364499999999999,0.0004042885633112101,0.6963382073731541
B,2,0.9,100000,0.8963045525249946,1.4984119280245416,1.000000489438439,200000,100,8,0.11003727688568485,0.0025075328102318285,4352.0,0.11066614898961616,0.002518753403831811,0.6241314108394058,0.021815000000000008,0.0003293439300221338,0.6241311053656519
B,2,0.9,100000,0.8963045525249946,1.4984119280245416,1.000000489438439,200000,100,9,0.06619870397406108,0.0018070316691824778,2745.0,0.06696622320940143,0.0018520211921990274,0.5594118249092073,0.01378999999999999,0.0002459962223574612,0.5594115511116908
B,2,0.9,100000,0.8963045525249946,1.4984119280245416,1.000000489438439,200000,100,10,0.03869927141344935,0.001329953568671056,1675.0,0.039627638721038194,0.0013462343828380577,0.5014033654024377,0.008459999999999994,0.0002151673062920334,0.5014031199964772
B,2,0.9,100000,0.8963045525249946,1.4984119280245416,1.000000489438439,200000,100,11,0.02266390698077516,0.001076545422163227,1020.0,0.02327519414189397,0.0011082695070390208,0.4494101190615582,0.005185000000000002,0.0001521985346164474,0.44940989910307866
B,2,0.9,100000,0.8963045525249946,1.4984119280245416,1.000000489438439,200000,100,12,0.014280337161508068,0.0008914017040577727,612.0,0.014819730036187903,0.0009795608718087443,0.40280833566567453,0.003130000000000002,0.00012565384549980508,0.4028081385158879
B,2,0.9,100000,0.8963045525249946,1.4984119280245416,1.000000489438439,200000,100,13,0.008421366937165314,0.0008168411970507381,375.0,0.009052440714634654,0.0008778349579489999,0.3610389450521602,0.0019350000000000012,0.00010091875920559051,0.361038768345909
B,2,0.9,100000,0.8963045525249946,1.4984119280245416,1.000000489438439,200000,100,14,0.004747676992739803,0.0005386770436594602,219.0,0.005497798786064371,0.0007070003731087523,0.3236008500890726,0.0011400000000000008,8.290191356493094e-05,0.3236006917064551
B,2,0.9,100000,0.8963045525249946,1.4984119280245416,1.000000489438439,200000,100,15,0.002507323655209682,0.00032641951192093337,124.0,0.0028628954758771873,0.00040996143728618667,0.29004491513579406,0.0006500000000000004,6.256309946079568e-05,0.290044773176733
B,2,0.9,100000,0.8963045525249946,1.4984119280245416,1.000000489438439,200000,100,16,0.0016123369346533226,0.00025121670293825135,73.0,0.0017865837405100457,0.0002715649449478954,0.2599685778729379,0.00038500000000000025,4.195656724940133e-05,0.25996845063438523
B,2,0.9,100000,0.8963045525249946,1.4984119280245416,1.000000489438439,200000,100,17,0.0010010303935710937,0.00022769190110255677,47.0,0.0010891229710793245,0.0002373948776771368,0.23301101986096287,0.0002550000000000002,3.658047721300685e-05,0.23301090581646883
B,2,0.9,100000,0.8963045525249946,1.4984119280245416,1.000000489438439,200000,100,18,0.00044713420276193226,0.00013458595972463722,25.0,0.000478954232043066,0.00013725328426745126,0.208848837889873,0.00013000000000000004,2.4225372791118964e-05,0.2088487356712738
B,2,0.9,100000,0.8963045525249946,1.4984119280245416,1.000000489438439,200000,100,19,0.00028693658596451357,0.00012301140236176318,15.0,0.0003164307235647638,0.00012582027115897392,0.18719216419024773,8.000000000000002e-05,1.9745860069872626e-05,0.18719207257125192
B,2,0.9,100000,0.8963045525249946,1.4984119280245416,1.000000489438439,200000,100,20,9.077116901284203e-05,4.228640178806501e-05,8.0,9.077116901284203e-05,4.228640178806501e-05,0.16778118896072533,4e-05,1.537412229571615e-05,0.16778110684220227
B,2,0.9,100000,0.8963045525249946,1.4984119280245416,1.000000489438439,200000,100,21,4.098871903948262e-05,2.1106453067130532e-05,4.0,4.098871903948262e-05,2.1106453067130532e-05,0.1503830434935545,2e-05,9.847319278346619e-06,0.15038296989034844
B,2,0.9,100000,0.8963045525249946,1.4984119280245416,1.000000489438439,200000,100,22,3.912144812974416e-05,2.2646187404101443e-05,3.0,3.912144812974416e-05,2.2646187404101443e-05,0.13478900650583714,1.5e-05,8.572330399888262e-06,0.13478894053494847
B,2,0.9,100000,0.8963045525249946,1.4984119280245416,1.000000489438439,200000,100,23,5.976145271342456e-06,5.976145271342457e-06,1.0,5.976145271342456e-06,5.976145271342457e-06,0.12081200016150295,5e-06,5e-06,0.1208119410314951
B,2,0.9,300000,0.8937971310055468,1.500338426811779,1.0000007811749672,200000,100,0,1.4996018307970294,0.0017883509856495262,200000.0,1.4996018307970294,0.0017883509856495262,1.500338426811779,1.0,0.0,1.5003372547858733
B,2,0.9,300000,0.8937971310055468,1.500338426811779,1.0000007811749672,200000,100,1,1.333151670849359,0.006356734908151733,93857.0,1.333151670849359,0.006356734908151733,1.3409981814217435,0.4692850000000001,0.0011294330167805156,1.3409971338683517
B,2,0.9,300000,0.8937971310055468,1.500338426811779,1.0000007811749672,200000,100,2,1.1093004089974026,0.007672287704609161,55566.0,1.1093004089974026,0.007672287704609161,1.1985803272384101,0.2778299999999999,0.0010867479984436174,1.1985793909381939
B,2,0.9,300000,0.8937971310055468,1.500338426811779,1.0000007811749672,200000,100,3,0.8508265904463818,0.007160701174880502,35335.0,0.8508265904463818,0.007160701174880502,1.0712876577653805,0.17667500000000008,0.0008580685087197672,1.0712868209029334
B,2,0.9,300000,0.8937971310055468,1.500338426811779,1.0000007811749672,200000,100,4,0.6092799708756804,0.006024240083176979,23213.0,0.6092799708756804,0.006024240083176979,0.9575138349923492,0.116065,0.0006814147122722037,0.957513087007095
B,2,0.9,300000,0.8937971310055468,1.500338426811779,1.0000007811749672,200000,100,5,0.41103979011386443,0.005044802310312983,15259.0,0.41103979011386443,0.005044802310312983,0.8558231186142802,0.076295,0.0005895167940822812,0.8558224500672059
B,2,0.9,300000,0.8937971310055468,1.500338426811779,1.0000007811749672,200000,100,6,0.27147707818676353,0.0039162870293685745,9999.0,0.27147707818676353,0.0039162870293685745,0.7649322480656634,0.04999500000000001,0.0005046998808172732,0.7649316505202065
B,2,0.9,300000,0.8937971310055468,1.500338426811779,1.0000007811749672,200000,100,7,0.17038844507229986,0.0033995304196406543,6454.0,0.17038844507229986,0.0033995304196406543,0.6836942487347133,0.03227,0.00039831843512141876,0.6836937146502982
B,2,0.9,300000,0.8937971310055468,1.500338426811779,1.0000007811749672,200000,100,8,0.10577040272660893,0.002595111786141204,4114.0,0.10577040272660893,0.002595111786141204,0.6110839580040793,0.020569999999999995,0.00029439374444386,0.6110834806409615
B,2,0.9,300000,0.8937971310055468,1.500338426811779,1.0000007811749672,200000,100,9,0.06451299654990339,0.0021243876036620398,2642.0,0.06457451832623225,0.0021312451836321368,0.5461850884675602,0.013214999999999992,0.0002483536701048437,0.5461846618017749
B,2,0.9,300000,0.8937971310055468,1.500338426811779,1.0000007811749672,200000,100,10,0.03942773425748194,0.001715003493996244,1607.0,0.039458287002105304,0.0017151765667708762,0.4881786650703161,0.008039999999999999,0.00018717463352266366,0.48817828371766137
B,2,0.9,300000,0.8937971310055468,1.500338426811779,1.0000007811749672,200000,100,11,0.02411472647570303,0.0013358592231889524,973.0,0.024150755696544558,0.001334592741332932,0.4363326902579662,0.004870000000000004,0.00015515062736488417,0.43633234940605753
B,2,0.9,300000,0.8937971310055468,1.500338426811779,1.0000007811749672,200000,100,12,0.015493042937393686,0.0010000209130789544,626.0,0.015509693139911972,0.0009989188066544142,0.38999290671650216,0.0031350000000000024,0.00011973350037107872,0.38999260206404407
B,2,0.9,300000,0.8937971310055468,1.500338426811779,1.0000007811749672,200000,100,13,0.009134460337139626,0.0007020053011633422,390.0,0.009134460337139626,0.0007020053011633422,0.3485745411357235,0.0019500000000000012,9.885710532241613e-05,0.3485742688382305
B,2,0.9,300000,0.8937971310055468,1.500338426811779,1.0000007811749672,200000,100,14,0.0055719931794056075,0.000566624755228123,243.0,0.0055719931794056075,0.000566624755228123,0.3115549248086846,0.001215000000000001,7.889866919029751e-05,0.31155468142996656
B,2,0.9,300000,0.8937971310055468,1.500338426811779,1.0000007811749672,200000,100,15,0.0032971552981030904,0.00040056684625232656,138.0,0.0032971552981030904,0.00040056684625232656,0.2784668979446512,0.0006900000000000005,6.0628026322465545e-05,0.27846668041345124
B,2,0.9,300000,0.8937971310055468,1.500338426811779,1.0000007811749672,200000,100,16,0.0016552070031487535,0.0002685993616469674,84.0,0.0016552070031487535,0.0002685993616469674,0.2488929144629436,0.0004200000000000003,4.187523556393867e-05,0.2488927200341812
B,2,0.9,300000,0.8937971310055468,1.500338426811779,1.0000007811749672,200000,100,17,0.0009666407670435065,0.00019064625113524467,52.0,0.0009666407670435065,0.00019064625113524467,0.22245977287458796,0.00026000000000000014,3.923511105367157e-05,0.22245959909471794
B,2,0.9,300000,0.8937971310055468,1.500338426811779,1.0000007811749672,200000,100,18,0.0005502041834289134,0.00016816365666552554,34.0,0.0005502041834289134,0.00016816365666552554,0.19883390675945226,0.0001700000000000001,3.115617227303557e-05,0.19883375143550303
B,2,0.9,300000,0.8937971310055468,1.500338426811779,1.0000007811749672,200000,100,19,0.00035990856848397814,0.00011892230940488883,20.0,0.00035990856848397814,0.00011892230940488883,0.17771717540822285,0.0001,2.5623537159526903e-05,0.17771703658012264
B,2,0.9,300000,0.8937971310055468,1.500338426811779,1.0000007811749672,200000,100,20,0.0001371809805733549,5.7285459442528115e-05,9.0,0.0001371809805733549,5.7285459442528115e-05,0.15884310151027908,4.5e-05,1.604129771319117e-05,0.1588429774261214
B,2,0.9,300000,0.8937971310055468,1.500338426811779,1.0000007811749672,200000,100,21,0.0001033837174025251,4.9553455303546145e-05,6.0,0.0001033837174025251,4.9553455303546145e-05,0.1419735084099103,3e-05,1.3889898953170712e-05,0.14197339750384616
B,2,0.9,300000,0.8937971310055468,1.500338426811779,1.0000007811749672,200000,100,22,3.4200290898448326e-05,2.1078709423156088e-05,3.0,3.4200290898448326e-05,2.1078709423156088e-05,0.12689551449556968,1.5e-05,8.572330399888254e-06,0.12689541536804777
B,2,0.9,300000,0.8937971310055468,1.500338426811779,1.0000007811749672,200000,100,23,1.0561915219717447e-05,7.4305944962220565e-06,2.0,1.0561915219717447e-05,7.4305944962220565e-06,0.11341884679361298,1e-05,7.0352647068144864e-06,0.11341875819371827
