n,size,extinction_time,count
1000,1,1,105480
1000,2,2,31898
1000,3,2,5721
1000,3,3,10740
1000,4,2,763
1000,4,3,5644
1000,4,4,3438
1000,5,2,114
1000,5,3,2416
1000,5,4,3083
1000,5,5,1021
1000,6,2,19
1000,6,3,1023
1000,6,4,2238
1000,6,5,1457
1000,6,6,346
1000,7,2,2
1000,7,3,394
1000,7,4,1468
1000,7,5,1315
1000,7,6,539
1000,7,7,109
1000,8,2,1
1000,8,3,167
1000,8,4,872
1000,8,5,1106
1000,8,6,647
1000,8,7,209
1000,8,8,17
1000,9,3,65
1000,9,4,532
1000,9,5,902
1000,9,6,609
1000,9,7,301
1000,9,8,78
1000,9,9,8
1000,10,3,35
1000,10,4,341
1000,10,5,665
1000,10,6,533
1000,10,7,301
1000,10,8,123
1000,10,9,24
1000,10,10,1
1000,11,3,12
1000,11,4,205
1000,11,5,517
1000,11,6,525
1000,11,7,306
1000,11,8,163
1000,11,9,41
1000,11,10,5
1000,12,3,9
1000,12,4,120
1000,12,5,394
1000,12,6,434
1000,12,7,315
1000,12,8,156
1000,12,9,49
1000,12,10,11
1000,12,11,6
1000,12,12,1
1000,13,3,1
1000,13,4,61
1000,13,5,279
1000,13,6,340
1000,13,7,274
1000,13,8,169
1000,13,9,65
1000,13,10,20
1000,13,11,4
1000,14,3,1
1000,14,4,40
1000,14,5,172
1000,14,6,273
1000,14,7,216
1000,14,8,172
1000,14,9,84
1000,14,10,21
1000,14,11,5
1000,14,12,3
1000,15,4,25
1000,15,5,143
1000,15,6,215
1000,15,7,230
1000,15,8,177
1000,15,9,65
1000,15,10,37
1000,15,11,10
1000,15,12,4
1000,16,4,18
1000,16,5,83
1000,16,6,174
1000,16,7,191
1000,16,8,140
1000,16,9,87
1000,16,10,40
1000,16,11,19
1000,16,12,3
1000,16,13,1
1000,17,4,7
1000,17,5,65
1000,17,6,150
1000,17,7,185
1000,17,8,137
1000,17,9,84
1000,17,10,44
1000,17,11,22
1000,17,12,5
1000,17,13,1
1000,18,4,4
1000,18,5,53
1000,18,6,139
1000,18,7,155
1000,18,8,107
1000,18,9,108
1000,18,10,41
1000,18,11,20
1000,18,12,10
1000,18,13,3
1000,19,4,3
1000,19,5,32
1000,19,6,103
1000,19,7,120
1000,19,8,115
1000,19,9,97
1000,19,10,46
1000,19,11,32
1000,19,12,13
1000,19,13,1
1000,19,14,3
1000,20,4,2
1000,20,5,29
1000,20,6,86
1000,20,7,101
1000,20,8,106
1000,20,9,61
1000,20,10,49
1000,20,11,30
1000,20,12,4
1000,20,13,6
1000,21,5,13
1000,21,6,48
1000,21,7,88
1000,21,8,107
1000,21,9,71
1000,21,10,41
1000,21,11,26
1000,21,12,11
1000,21,13,1
1000,21,14,1
1000,21,15,1
1000,21,16,1
1000,22,4,2
1000,22,5,13
1000,22,6,51
1000,22,7,82
1000,22,8,67
1000,22,9,64
1000,22,10,44
1000,22,11,33
1000,22,12,12
1000,22,13,8
1000,22,14,1
1000,22,15,3
1000,23,4,2
1000,23,5,5
1000,23,6,43
1000,23,7,67
1000,23,8,70
1000,23,9,50
1000,23,10,47
1000,23,11,43
1000,23,12,14
1000,23,13,5
1000,23,14,3
1000,23,16,1
1000,24,5,13
1000,24,6,35
1000,24,7,60
1000,24,8,68
1000,24,9,48
1000,24,10,34
1000,24,11,29
1000,24,12,12
1000,24,13,4
1000,24,14,8
1000,24,16,1
1000,25,5,1
1000,25,6,20
1000,25,7,62
1000,25,8,53
1000,25,9,34
1000,25,10,30
1000,25,11,31
1000,25,12,13
1000,25,13,6
1000,25,14,4
1000,26,4,2
1000,26,5,2
1000,26,6,23
1000,26,7,53
1000,26,8,54
1000,26,9,44
1000,26,10,34
1000,26,11,18
1000,26,12,14
1000,26,13,10
1000,26,14,4
1000,27,5,3
1000,27,6,11
1000,27,7,38
1000,27,8,41
1000,27,9,35
1000,27,10,29
1000,27,11,16
1000,27,12,14
1000,27,13,3
1000,27,14,8
1000,27,15,1
1000,27,16,2
1000,28,5,1
1000,28,6,13
1000,28,7,28
1000,28,8,27
1000,28,9,37
1000,28,10,33
1000,28,11,18
1000,28,12,10
1000,28,13,9
1000,28,14,2
1000,28,15,2
1000,28,17,1
1000,28,20,1
1000,29,6,3
1000,29,7,17
1000,29,8,24
1000,29,9,25
1000,29,10,23
1000,29,11,22
1000,29,12,17
1000,29,13,6
1000,29,14,1
1000,29,15,2
1000,30,5,1
1000,30,6,10
1000,30,7,18
1000,30,8,22
1000,30,9,22
1000,30,10,26
1000,30,11,23
1000,30,12,9
1000,30,13,8
1000,30,14,1
1000,30,15,1
1000,30,16,1
1000,30,20,1
1000,31,6,5
1000,31,7,15
1000,31,8,31
1000,31,9,27
1000,31,10,15
1000,31,11,16
1000,31,12,11
1000,31,13,6
1000,31,14,7
1000,31,15,4
1000,31,16,1
1000,31,18,1
1000,32,5,1
1000,32,6,3
1000,32,7,15
1000,32,8,20
1000,32,9,18
1000,32,10,18
1000,32,11,13
1000,32,12,14
1000,32,13,9
1000,32,14,2
1000,32,15,3
1000,32,16,1
1000,33,6,3
1000,33,7,8
1000,33,8,20
1000,33,9,22
1000,33,10,15
1000,33,11,14
1000,33,12,7
1000,33,13,9
1000,33,14,3
1000,33,15,1
1000,33,16,2
1000,34,5,1
1000,34,6,3
1000,34,7,11
1000,34,8,14
1000,34,9,12
1000,34,10,14
1000,34,11,11
1000,34,12,10
1000,34,13,8
1000,34,14,3
1000,34,15,2
1000,34,17,1
1000,34,19,1
1000,35,6,2
1000,35,7,5
1000,35,8,10
1000,35,9,15
1000,35,10,15
1000,35,11,9
1000,35,12,12
1000,35,13,6
1000,35,14,4
1000,35,15,2
1000,35,16,2
1000,36,7,4
1000,36,8,9
1000,36,9,4
1000,36,10,17
1000,36,11,14
1000,36,12,3
1000,36,13,4
1000,36,14,3
1000,36,17,1
1000,37,6,3
1000,37,7,4
1000,37,8,8
1000,37,9,10
1000,37,10,11
1000,37,11,7
1000,37,12,4
1000,37,13,5
1000,37,14,2
1000,37,15,2
1000,37,16,2
1000,37,17,1
1000,37,20,1
1000,38,6,1
1000,38,8,7
1000,38,9,9
1000,38,10,13
1000,38,11,12
1000,38,12,3
1000,38,13,5
1000,38,14,5
1000,38,15,1
1000,38,17,1
1000,39,7,3
1000,39,8,4
1000,39,9,13
1000,39,10,7
1000,39,11,3
1000,39,12,9
1000,39,15,4
1000,39,20,1
1000,40,6,1
1000,40,7,2
1000,40,8,5
1000,40,9,5
1000,40,10,10
1000,40,11,5
1000,40,12,6
1000,40,13,1
1000,40,15,2
1000,40,16,1
1000,40,20,1
1000,41,7,3
1000,41,8,4
1000,41,9,4
1000,41,10,5
1000,41,11,9
1000,41,12,4
1000,41,13,9
1000,41,14,3
1000,41,15,1
1000,41,16,2
1000,41,18,1
1000,42,7,2
1000,42,8,2
1000,42,9,5
1000,42,10,7
1000,42,11,1
1000,42,12,6
1000,42,13,4
1000,42,14,1
1000,42,15,2
1000,42,16,1
1000,42,17,2
1000,43,7,1
1000,43,8,2
1000,43,9,8
1000,43,10,5
1000,43,11,3
1000,43,12,2
1000,43,13,4
1000,43,14,2
1000,43,15,1
1000,43,17,1
1000,44,6,1
1000,44,8,5
1000,44,9,3
1000,44,10,5
1000,44,11,2
1000,44,12,3
1000,44,13,4
1000,44,14,1
1000,44,17,1
1000,45,8,1
1000,45,9,2
1000,45,10,3
1000,45,11,5
1000,45,12,5
1000,45,13,3
1000,45,14,2
1000,45,15,2
1000,45,16,2
1000,45,17,1
1000,46,7,1
1000,46,9,1
1000,46,10,3
1000,46,11,5
1000,46,12,2
1000,46,13,4
1000,46,14,1
1000,46,15,3
1000,46,16,1
1000,47,8,2
1000,47,9,3
1000,47,10,1
1000,47,11,1
1000,47,12,1
1000,47,14,4
1000,47,15,1
1000,48,7,1
1000,48,8,1
1000,48,10,5
1000,48,11,1
1000,48,12,4
1000,48,13,1
1000,48,14,2
1000,48,15,1
1000,49,9,1
1000,49,10,4
1000,49,11,2
1000,49,12,2
1000,49,14,3
1000,49,17,1
1000,49,18,1
1000,50,10,4
1000,50,11,1
1000,50,12,1
1000,50,13,1
1000,50,16,1
1000,50,18,1
1000,51,10,2
1000,51,11,1
1000,51,13,1
1000,52,6,1
1000,52,7,1
1000,52,8,1
1000,52,9,1
1000,52,10,2
1000,52,11,1
1000,52,12,3
1000,52,13,1
1000,52,15,2
1000,52,18,1
1000,52,20,1
1000,52,21,1
1000,53,9,1
1000,53,11,2
1000,53,12,4
1000,53,13,2
1000,53,14,2
1000,53,15,1
1000,54,8,1
1000,54,10,1
1000,54,12,1
1000,54,13,1
1000,54,19,1
1000,55,9,2
1000,55,11,1
1000,55,13,1
1000,55,15,1
1000,55,16,1
1000,56,8,1
1000,56,11,2
1000,56,12,1
1000,56,13,1
1000,56,15,1
1000,57,9,1
1000,57,12,1
1000,57,15,1
1000,58,14,1
1000,58,16,1
1000,59,16,1
1000,59,17,1
1000,60,11,1
1000,60,17,1
1000,61,8,1
1000,61,12,1
1000,61,13,1
1000,61,15,2
1000,62,12,1
1000,63,12,1
1000,63,14,1
1000,64,9,1
1000,67,21,1
1000,68,13,1
1000,70,16,1
1000,72,14,1
1000,72,17,1
1000,73,14,1
3000,1,1,105531
3000,2,2,32035
3000,3,2,5552
3000,3,3,10581
3000,4,2,821
3000,4,3,5780
3000,4,4,3258
3000,5,2,104
3000,5,3,2480
3000,5,4,3029
3000,5,5,1069
3000,6,2,22
3000,6,3,944
3000,6,4,2220
3000,6,5,1318
3000,6,6,320
3000,7,2,4
3000,7,3,438
3000,7,4,1448
3000,7,5,1318
3000,7,6,552
3000,7,7,86
3000,8,2,1
3000,8,3,164
3000,8,4,912
3000,8,5,1184
3000,8,6,588
3000,8,7,209
3000,8,8,40
3000,9,3,74
3000,9,4,534
3000,9,5,868
3000,9,6,637
3000,9,7,265
3000,9,8,73
3000,9,9,4
3000,10,3,19
3000,10,4,313
3000,10,5,696
3000,10,6,530
3000,10,7,322
3000,10,8,107
3000,10,9,23
3000,10,10,1
3000,11,3,12
3000,11,4,184
3000,11,5,480
3000,11,6,477
3000,11,7,304
3000,11,8,138
3000,11,9,32
3000,11,10,14
3000,11,11,2
3000,12,3,5
3000,12,4,135
3000,12,5,362
3000,12,6,432
3000,12,7,300
3000,12,8,136
3000,12,9,52
3000,12,10,11
3000,12,11,1
3000,13,3,2
3000,13,4,64
3000,13,5,254
3000,13,6,326
3000,13,7,266
3000,13,8,183
3000,13,9,68
3000,13,10,21
3000,13,11,7
3000,14,4,41
3000,14,5,164
3000,14,6,298
3000,14,7,253
3000,14,8,163
3000,14,9,77
3000,14,10,37
3000,14,11,8
3000,14,12,2
3000,15,4,23
3000,15,5,135
3000,15,6,230
3000,15,7,229
3000,15,8,145
3000,15,9,83
3000,15,10,35
3000,15,11,14
3000,15,12,6
3000,16,4,19
3000,16,5,110
3000,16,6,199
3000,16,7,213
3000,16,8,145
3000,16,9,98
3000,16,10,44
3000,16,11,18
3000,16,12,7
3000,16,13,1
3000,17,3,2
3000,17,4,9
3000,17,5,85
3000,17,6,148
3000,17,7,166
3000,17,8,108
3000,17,9,96
3000,17,10,49
3000,17,11,20
3000,17,12,7
3000,17,13,1
3000,18,4,12
3000,18,5,52
3000,18,6,148
3000,18,7,157
3000,18,8,107
3000,18,9,71
3000,18,10,34
3000,18,11,20
3000,18,12,7
3000,18,13,1
3000,18,15,1
3000,19,4,4
3000,19,5,34
3000,19,6,111
3000,19,7,134
3000,19,8,107
3000,19,9,79
3000,19,10,49
3000,19,11,18
3000,19,12,12
3000,19,13,2
3000,19,14,2
3000,20,4,2
3000,20,5,28
3000,20,6,84
3000,20,7,106
3000,20,8,95
3000,20,9,69
3000,20,10,48
3000,20,11,28
3000,20,12,9
3000,20,13,2
3000,20,14,1
3000,20,15,1
3000,21,5,15
3000,21,6,66
3000,21,7,83
3000,21,8,92
3000,21,9,70
3000,21,10,38
3000,21,11,17
3000,21,12,14
3000,21,13,9
3000,21,14,5
3000,21,17,1
3000,22,5,16
3000,22,6,47
3000,22,7,87
3000,22,8,84
3000,22,9,65
3000,22,10,48
3000,22,11,37
3000,22,12,11
3000,22,13,7
3000,22,15,1
3000,23,4,2
3000,23,5,16
3000,23,6,43
3000,23,7,61
3000,23,8,71
3000,23,9,61
3000,23,10,39
3000,23,11,21
3000,23,12,8
3000,23,13,3
3000,23,14,1
3000,23,15,2
3000,24,4,1
3000,24,5,9
3000,24,6,23
3000,24,7,56
3000,24,8,59
3000,24,9,58
3000,24,10,46
3000,24,11,26
3000,24,12,9
3000,24,13,10
3000,24,14,5
3000,24,15,1
3000,24,16,1
3000,25,5,4
3000,25,6,23
3000,25,7,54
3000,25,8,68
3000,25,9,43
3000,25,10,43
3000,25,11,17
3000,25,12,16
3000,25,13,6
3000,25,14,6
3000,25,15,3
3000,26,5,4
3000,26,6,24
3000,26,7,29
3000,26,8,47
3000,26,9,49
3000,26,10,36
3000,26,11,19
3000,26,12,16
3000,26,13,3
3000,26,14,5
3000,26,15,2
3000,26,18,2
3000,27,5,1
3000,27,6,20
3000,27,7,34
3000,27,8,50
3000,27,9,38
3000,27,10,24
3000,27,11,24
3000,27,12,14
3000,27,13,7
3000,27,14,7
3000,27,15,1
3000,27,16,1
3000,27,18,1
3000,28,5,2
3000,28,6,6
3000,28,7,25
3000,28,8,38
3000,28,9,38
3000,28,10,38
3000,28,11,16
3000,28,12,15
3000,28,13,6
3000,28,14,7
3000,28,15,3
3000,28,17,1
3000,29,5,3
3000,29,6,16
3000,29,7,33
3000,29,8,30
3000,29,9,31
3000,29,10,26
3000,29,11,15
3000,29,12,7
3000,29,13,9
3000,29,14,4
3000,29,15,1
3000,30,5,3
3000,30,6,10
3000,30,7,27
3000,30,8,27
3000,30,9,27
3000,30,10,27
3000,30,11,17
3000,30,12,3
3000,30,13,3
3000,30,14,3
3000,30,15,4
3000,30,16,1
3000,31,5,1
3000,31,6,11
3000,31,7,18
3000,31,8,23
3000,31,9,25
3000,31,10,22
3000,31,11,14
3000,31,12,10
3000,31,13,8
3000,31,14,3
3000,31,15,1
3000,31,16,1
3000,31,17,1
3000,32,6,5
3000,32,7,8
3000,32,8,27
3000,32,9,19
3000,32,10,20
3000,32,11,8
3000,32,12,16
3000,32,13,10
3000,32,14,5
3000,32,15,1
3000,32,16,2
3000,32,17,1
3000,33,5,1
3000,33,6,5
3000,33,7,13
3000,33,8,15
3000,33,9,23
3000,33,10,11
3000,33,11,13
3000,33,12,11
3000,33,13,8
3000,33,14,6
3000,33,15,3
3000,33,16,5
3000,33,21,2
3000,34,5,1
3000,34,6,3
3000,34,7,8
3000,34,8,23
3000,34,9,20
3000,34,10,20
3000,34,11,17
3000,34,12,6
3000,34,13,7
3000,34,14,8
3000,34,15,1
3000,34,16,1
3000,34,17,2
3000,35,6,5
3000,35,7,11
3000,35,8,12
3000,35,9,20
3000,35,10,19
3000,35,11,13
3000,35,12,5
3000,35,13,6
3000,35,14,4
3000,35,15,2
3000,35,16,2
3000,36,7,10
3000,36,8,13
3000,36,9,17
3000,36,10,11
3000,36,11,19
3000,36,12,9
3000,36,13,3
3000,36,14,4
3000,36,15,5
3000,36,17,1
3000,36,18,1
3000,37,6,2
3000,37,7,4
3000,37,8,12
3000,37,9,14
3000,37,10,9
3000,37,11,13
3000,37,12,7
3000,37,13,7
3000,37,14,3
3000,37,15,3
3000,37,18,1
3000,38,6,2
3000,38,7,4
3000,38,8,13
3000,38,9,11
3000,38,10,11
3000,38,11,11
3000,38,12,7
3000,38,13,4
3000,38,14,5
3000,38,15,2
3000,38,16,1
3000,38,17,2
3000,39,6,1
3000,39,7,2
3000,39,8,8
3000,39,9,10
3000,39,10,7
3000,39,11,13
3000,39,12,7
3000,39,13,3
3000,39,14,3
3000,39,15,2
3000,39,17,1
3000,40,6,1
3000,40,8,7
3000,40,9,9
3000,40,10,13
3000,40,11,5
3000,40,12,6
3000,40,13,8
3000,40,14,3
3000,40,15,1
3000,40,16,3
3000,41,7,3
3000,41,8,4
3000,41,9,5
3000,41,10,15
3000,41,11,11
3000,41,12,2
3000,41,13,4
3000,41,14,6
3000,41,15,2
3000,41,16,1
3000,41,17,2
3000,42,6,1
3000,42,7,1
3000,42,8,4
3000,42,9,11
3000,42,10,7
3000,42,11,9
3000,42,12,2
3000,42,13,3
3000,42,14,4
3000,42,15,2
3000,42,16,1
3000,43,8,3
3000,43,9,5
3000,43,10,9
3000,43,11,5
3000,43,12,8
3000,43,13,3
3000,43,14,2
3000,43,15,1
3000,43,16,1
3000,43,17,1
3000,43,20,1
3000,44,8,3
3000,44,9,6
3000,44,10,5
3000,44,11,3
3000,44,12,5
3000,44,13,5
3000,44,15,2
3000,44,18,1
3000,45,8,3
3000,45,9,2
3000,45,10,4
3000,45,11,2
3000,45,12,8
3000,45,14,1
3000,45,15,2
3000,45,16,2
3000,45,17,1
3000,45,20,1
3000,45,21,1
3000,46,8,1
3000,46,9,2
3000,46,10,7
3000,46,11,5
3000,46,12,2
3000,46,13,5
3000,46,14,1
3000,46,15,1
3000,46,16,1
3000,47,8,3
3000,47,9,2
3000,47,10,3
3000,47,11,4
3000,47,12,7
3000,47,13,4
3000,47,14,3
3000,47,16,4
3000,48,8,4
3000,48,9,2
3000,48,10,6
3000,48,11,3
3000,48,12,6
3000,48,13,1
3000,48,14,2
3000,48,19,1
3000,49,7,1
3000,49,8,3
3000,49,9,1
3000,49,10,2
3000,49,11,1
3000,49,12,3
3000,49,13,5
3000,49,14,1
3000,49,17,2
3000,49,19,1
3000,50,8,2
3000,50,9,2
3000,50,10,3
3000,50,11,1
3000,50,13,2
3000,50,14,2
3000,50,15,1
3000,50,16,1
3000,51,8,2
3000,51,9,1
3000,51,10,4
3000,51,11,2
3000,51,12,2
3000,51,13,4
3000,51,14,1
3000,51,15,1
3000,51,16,2
3000,52,10,2
3000,52,11,5
3000,52,12,2
3000,52,14,4
3000,52,17,1
3000,52,18,1
3000,53,5,1
3000,53,8,2
3000,53,9,2
3000,53,10,1
3000,53,11,1
3000,53,12,1
3000,53,13,1
3000,53,14,1
3000,54,10,1
3000,54,11,2
3000,54,12,3
3000,54,13,2
3000,54,14,1
3000,54,18,1
3000,55,7,1
3000,55,8,1
3000,55,10,3
3000,55,12,3
3000,55,14,3
3000,55,17,1
3000,55,21,1
3000,56,8,1
3000,56,11,3
3000,56,14,1
3000,56,15,1
3000,57,9,2
3000,57,10,2
3000,57,11,3
3000,57,12,1
3000,57,13,1
3000,57,14,3
3000,57,18,1
3000,58,8,1
3000,58,12,1
3000,58,13,1
3000,58,14,2
3000,58,16,1
3000,59,10,1
3000,59,11,2
3000,59,12,1
3000,59,15,1
3000,59,16,1
3000,59,22,1
3000,60,9,2
3000,60,11,1
3000,60,12,1
3000,60,15,1
3000,60,16,1
3000,60,22,1
3000,61,10,3
3000,61,11,1
3000,61,12,2
3000,61,13,1
3000,61,14,1
3000,61,15,1
3000,61,16,1
3000,61,20,1
3000,62,8,1
3000,62,9,1
3000,62,13,1
3000,63,9,1
3000,63,11,1
3000,64,12,1
3000,64,13,1
3000,64,15,1
3000,64,19,1
3000,65,12,1
3000,65,15,2
3000,66,14,2
3000,67,14,1
3000,68,11,1
3000,68,14,2
3000,69,9,1
3000,69,14,2
3000,71,12,1
3000,71,18,1
3000,72,12,1
3000,72,13,1
3000,72,16,1
3000,73,9,1
3000,73,11,1
3000,73,13,2
3000,74,9,1
3000,74,10,1
3000,74,13,1
3000,74,21,1
3000,75,14,1
3000,75,16,1
3000,76,14,1
3000,76,15,1
3000,77,17,1
3000,77,21,1
3000,78,17,1
3000,79,16,1
3000,80,15,1
3000,81,20,1
3000,83,17,1
3000,85,16,1
3000,87,18,1
3000,88,16,2
3000,90,13,1
3000,90,22,1
3000,98,25,1
3000,108,27,1
3000,113,12,1
10000,1,1,106152
10000,2,2,31874
10000,3,2,5484
10000,3,3,10268
10000,4,2,786
10000,4,3,5534
10000,4,4,3276
10000,5,2,81
10000,5,3,2338
10000,5,4,3013
10000,5,5,952
10000,6,2,17
10000,6,3,956
10000,6,4,2158
10000,6,5,1322
10000,6,6,314
10000,7,2,3
10000,7,3,369
10000,7,4,1319
10000,7,5,1304
10000,7,6,522
10000,7,7,90
10000,8,2,2
10000,8,3,151
10000,8,4,829
10000,8,5,1046
10000,8,6,558
10000,8,7,179
10000,8,8,28
10000,9,2,2
10000,9,3,61
10000,9,4,535
10000,9,5,780
10000,9,6,522
10000,9,7,282
10000,9,8,65
10000,9,9,8
10000,10,3,22
10000,10,4,301
10000,10,5,619
10000,10,6,494
10000,10,7,316
10000,10,8,89
10000,10,9,23
10000,10,10,1
10000,11,3,13
10000,11,4,180
10000,11,5,473
10000,11,6,444
10000,11,7,278
10000,11,8,107
10000,11,9,38
10000,11,10,2
10000,12,3,5
10000,12,4,114
10000,12,5,339
10000,12,6,401
10000,12,7,263
10000,12,8,110
10000,12,9,44
10000,12,10,14
10000,12,11,3
10000,13,3,2
10000,13,4,87
10000,13,5,240
10000,13,6,348
10000,13,7,256
10000,13,8,132
10000,13,9,64
10000,13,10,20
10000,13,11,4
10000,13,12,2
10000,14,3,1
10000,14,4,36
10000,14,5,167
10000,14,6,277
10000,14,7,244
10000,14,8,127
10000,14,9,77
10000,14,10,22
10000,14,11,5
10000,14,12,2
10000,15,3,1
10000,15,4,32
10000,15,5,151
10000,15,6,237
10000,15,7,218
10000,15,8,136
10000,15,9,94
10000,15,10,30
10000,15,11,8
10000,15,12,2
10000,16,4,20
10000,16,5,122
10000,16,6,202
10000,16,7,186
10000,16,8,138
10000,16,9,62
10000,16,10,37
10000,16,11,10
10000,16,12,2
10000,17,4,10
10000,17,5,90
10000,17,6,138
10000,17,7,173
10000,17,8,147
10000,17,9,68
10000,17,10,48
10000,17,11,19
10000,17,12,5
10000,17,13,3
10000,18,4,4
10000,18,5,61
10000,18,6,124
10000,18,7,144
10000,18,8,107
10000,18,9,89
10000,18,10,28
10000,18,11,12
10000,18,12,16
10000,18,13,3
10000,18,15,1
10000,19,4,7
10000,19,5,45
10000,19,6,105
10000,19,7,113
10000,19,8,109
10000,19,9,62
10000,19,10,44
10000,19,11,12
10000,19,12,7
10000,19,13,2
10000,19,14,3
10000,20,3,1
10000,20,4,4
10000,20,5,33
10000,20,6,80
10000,20,7,115
10000,20,8,78
10000,20,9,67
10000,20,10,37
10000,20,11,32
10000,20,12,10
10000,20,13,5
10000,21,4,2
10000,21,5,29
10000,21,6,67
10000,21,7,108
10000,21,8,88
10000,21,9,70
10000,21,10,36
10000,21,11,21
10000,21,12,11
10000,21,13,3
10000,21,14,1
10000,22,4,4
10000,22,5,18
10000,22,6,70
10000,22,7,88
10000,22,8,83
10000,22,9,59
10000,22,10,38
10000,22,11,31
10000,22,12,4
10000,22,13,4
10000,22,14,4
10000,22,15,1
10000,23,4,1
10000,23,5,19
10000,23,6,49
10000,23,7,77
10000,23,8,65
10000,23,9,64
10000,23,10,32
10000,23,11,22
10000,23,12,15
10000,23,13,2
10000,23,14,2
10000,23,15,1
10000,23,16,1
10000,23,17,1
10000,24,4,1
10000,24,5,16
10000,24,6,40
10000,24,7,65
10000,24,8,65
10000,24,9,60
10000,24,10,36
10000,24,11,19
10000,24,12,15
10000,24,13,7
10000,24,16,2
10000,25,4,2
10000,25,5,10
10000,25,6,31
10000,25,7,62
10000,25,8,62
10000,25,9,54
10000,25,10,27
10000,25,11,17
10000,25,12,11
10000,25,13,10
10000,25,14,5
10000,25,15,1
10000,26,5,7
10000,26,6,39
10000,26,7,57
10000,26,8,66
10000,26,9,50
10000,26,10,32
10000,26,11,19
10000,26,12,12
10000,26,13,12
10000,26,14,4
10000,26,19,1
10000,27,5,8
10000,27,6,26
10000,27,7,37
10000,27,8,54
10000,27,9,43
10000,27,10,32
10000,27,11,19
10000,27,12,9
10000,27,13,8
10000,27,14,5
10000,27,15,1
10000,27,16,1
10000,28,4,1
10000,28,5,6
10000,28,6,31
10000,28,7,52
10000,28,8,55
10000,28,9,42
10000,28,10,35
10000,28,11,17
10000,28,12,7
10000,28,13,11
10000,28,14,2
10000,28,15,1
10000,29,5,4
10000,29,6,15
10000,29,7,38
10000,29,8,43
10000,29,9,34
10000,29,10,23
10000,29,11,17
10000,29,12,14
10000,29,13,7
10000,29,14,4
10000,29,15,2
10000,30,4,1
10000,30,5,5
10000,30,6,13
10000,30,7,35
10000,30,8,37
10000,30,9,34
10000,30,10,25
10000,30,11,13
10000,30,12,13
10000,30,13,4
10000,30,14,1
10000,30,15,3
10000,30,17,1
10000,31,5,4
10000,31,6,12
10000,31,7,31
10000,31,8,32
10000,31,9,35
10000,31,10,26
10000,31,11,18
10000,31,12,7
10000,31,13,9
10000,31,14,3
10000,31,15,1
10000,31,16,1
10000,32,5,3
10000,32,6,9
10000,32,7,36
10000,32,8,29
10000,32,9,36
10000,32,10,28
10000,32,11,16
10000,32,12,9
10000,32,13,3
10000,32,14,4
10000,32,16,1
10000,33,6,8
10000,33,7,29
10000,33,8,39
10000,33,9,26
10000,33,10,27
10000,33,11,18
10000,33,12,11
10000,33,13,7
10000,33,14,4
10000,33,15,3
10000,33,16,1
10000,34,5,1
10000,34,6,10
10000,34,7,14
10000,34,8,44
10000,34,9,31
10000,34,10,20
10000,34,11,19
10000,34,12,13
10000,34,13,10
10000,34,14,5
10000,34,15,5
10000,34,16,2
10000,35,5,1
10000,35,6,12
10000,35,7,21
10000,35,8,18
10000,35,9,28
10000,35,10,20
10000,35,11,22
10000,35,12,12
10000,35,13,4
10000,35,14,4
10000,35,15,2
10000,35,16,1
10000,35,17,1
10000,35,18,1
10000,36,5,2
10000,36,6,7
10000,36,7,16
10000,36,8,26
10000,36,9,26
10000,36,10,19
10000,36,11,16
10000,36,12,6
10000,36,13,9
10000,36,14,5
10000,37,6,5
10000,37,7,11
10000,37,8,20
10000,37,9,26
10000,37,10,20
10000,37,11,16
10000,37,12,13
10000,37,13,4
10000,37,14,5
10000,37,15,3
10000,37,18,1
10000,38,6,6
10000,38,7,7
10000,38,8,20
10000,38,9,19
10000,38,10,12
10000,38,11,11
10000,38,12,5
10000,38,13,5
10000,38,14,4
10000,38,15,3
10000,38,16,2
10000,38,18,1
10000,39,5,1
10000,39,6,1
10000,39,7,10
10000,39,8,20
10000,39,9,18
10000,39,10,16
10000,39,11,16
10000,39,12,15
10000,39,13,4
10000,39,14,2
10000,39,15,2
10000,39,16,3
10000,39,17,2
10000,39,18,1
10000,40,6,4
10000,40,7,13
10000,40,8,15
10000,40,9,13
10000,40,10,17
10000,40,11,15
10000,40,12,6
10000,40,13,6
10000,40,14,5
10000,40,15,1
10000,40,16,1
10000,40,17,1
10000,41,5,1
10000,41,6,3
10000,41,7,9
10000,41,8,18
10000,41,9,19
10000,41,10,16
10000,41,11,4
10000,41,12,7
10000,41,13,4
10000,41,14,2
10000,41,15,1
10000,41,17,1
10000,41,18,1
10000,41,19,1
10000,42,6,2
10000,42,7,7
10000,42,8,14
10000,42,9,24
10000,42,10,8
10000,42,11,10
10000,42,12,13
10000,42,13,9
10000,42,14,4
10000,42,15,1
10000,42,19,1
10000,43,5,1
10000,43,6,1
10000,43,7,4
10000,43,8,19
10000,43,9,13
10000,43,10,13
10000,43,11,12
10000,43,12,5
10000,43,13,4
10000,43,14,5
10000,43,15,2
10000,43,16,2
10000,44,6,1
10000,44,7,7
10000,44,8,20
10000,44,9,11
10000,44,10,16
10000,44,11,11
10000,44,12,9
10000,44,13,6
10000,44,14,3
10000,44,15,2
10000,44,16,1
10000,44,17,2
10000,45,7,5
10000,45,8,9
10000,45,9,11
10000,45,10,14
10000,45,11,6
10000,45,12,6
10000,45,13,4
10000,45,14,3
10000,45,15,2
10000,45,16,2
10000,46,7,5
10000,46,8,15
10000,46,9,13
10000,46,10,12
10000,46,11,11
10000,46,12,7
10000,46,13,7
10000,46,14,1
10000,46,15,4
10000,46,16,1
10000,46,17,2
10000,47,6,2
10000,47,7,3
10000,47,8,7
10000,47,9,14
10000,47,10,15
10000,47,11,11
10000,47,12,3
10000,47,13,9
10000,47,14,4
10000,47,15,4
10000,47,16,2
10000,48,7,1
10000,48,8,11
10000,48,9,8
10000,48,10,7
10000,48,11,11
10000,48,12,6
10000,48,13,7
10000,48,14,2
10000,48,15,3
10000,48,16,1
10000,48,17,2
10000,49,6,4
10000,49,7,7
10000,49,8,10
10000,49,9,9
10000,49,10,5
10000,49,11,5
10000,49,12,5
10000,49,13,5
10000,49,14,3
10000,49,15,2
10000,49,17,1
10000,50,7,4
10000,50,8,7
10000,50,9,12
10000,50,10,10
10000,50,11,6
10000,50,12,4
10000,50,13,6
10000,50,14,3
10000,50,15,3
10000,50,16,3
10000,50,17,2
10000,50,18,1
10000,51,6,3
10000,51,7,1
10000,51,8,11
10000,51,9,5
10000,51,10,12
10000,51,11,13
10000,51,12,7
10000,51,13,2
10000,51,14,2
10000,51,15,1
10000,51,16,2
10000,51,17,1
10000,52,6,1
10000,52,7,3
10000,52,8,4
10000,52,9,9
10000,52,10,7
10000,52,11,3
10000,52,12,7
10000,52,13,4
10000,52,14,6
10000,52,15,2
10000,52,16,2
10000,52,17,2
10000,52,18,1
10000,53,7,1
10000,53,8,3
10000,53,9,8
10000,53,10,4
10000,53,11,11
10000,53,12,3
10000,53,13,3
10000,53,14,1
10000,53,15,2
10000,53,16,3
10000,53,17,1
10000,54,7,2
10000,54,8,3
10000,54,9,6
10000,54,10,7
10000,54,11,5
10000,54,12,3
10000,54,13,4
10000,54,14,3
10000,54,15,1
10000,54,16,2
10000,54,17,1
10000,55,6,1
10000,55,7,2
10000,55,8,5
10000,55,9,7
10000,55,10,10
10000,55,11,9
10000,55,12,5
10000,55,13,2
10000,55,14,3
10000,55,16,1
10000,55,17,1
10000,56,6,1
10000,56,8,4
10000,56,9,9
10000,56,10,4
10000,56,11,4
10000,56,12,6
10000,56,13,1
10000,56,14,6
10000,56,16,1
10000,56,17,2
10000,56,18,1
10000,56,22,1
10000,57,7,1
10000,57,8,6
10000,57,9,7
10000,57,10,2
10000,57,11,4
10000,57,12,4
10000,57,13,5
10000,57,14,1
10000,57,15,2
10000,57,16,2
10000,57,19,1
10000,58,8,2
10000,58,9,1
10000,58,10,8
10000,58,11,7
10000,58,12,4
10000,58,13,2
10000,58,20,1
10000,59,8,4
10000,59,9,4
10000,59,10,6
10000,59,11,8
10000,59,12,6
10000,59,13,4
10000,59,14,3
10000,59,15,2
10000,59,16,1
10000,59,18,1
10000,59,19,1
10000,60,7,3
10000,60,8,4
10000,60,9,1
10000,60,10,6
10000,60,11,5
10000,60,12,4
10000,60,13,1
10000,60,14,1
10000,60,15,5
10000,61,8,3
10000,61,9,5
10000,61,10,5
10000,61,11,6
10000,61,12,1
10000,61,13,1
10000,61,14,1
10000,61,17,2
10000,61,20,1
10000,62,7,2
10000,62,8,2
10000,62,9,3
10000,62,10,2
10000,62,11,4
10000,62,12,2
10000,62,13,2
10000,62,15,2
10000,62,16,1
10000,62,20,1
10000,63,6,1
10000,63,7,1
10000,63,8,3
10000,63,10,2
10000,63,11,6
10000,63,12,5
10000,63,13,2
10000,63,14,3
10000,63,15,4
10000,63,16,2
10000,63,18,1
10000,64,7,1
10000,64,8,3
10000,64,9,6
10000,64,10,4
10000,64,11,3
10000,64,12,4
10000,64,13,9
10000,64,14,2
10000,64,15,6
10000,64,16,1
10000,65,9,6
10000,65,10,6
10000,65,11,1
10000,65,12,2
10000,65,13,2
10000,65,14,4
10000,65,15,1
10000,65,16,1
10000,65,17,2
10000,66,8,1
10000,66,9,1
10000,66,10,5
10000,66,11,6
10000,66,12,6
10000,66,13,5
10000,66,15,3
10000,66,17,2
10000,66,19,1
10000,67,9,4
10000,67,10,7
10000,67,11,3
10000,67,12,3
10000,67,13,1
10000,67,14,2
10000,67,15,2
10000,67,16,1
10000,67,20,1
10000,68,9,4
10000,68,10,3
10000,68,11,3
10000,68,12,4
10000,68,13,1
10000,68,15,1
10000,68,16,1
10000,68,18,1
10000,69,6,1
10000,69,9,2
10000,69,10,1
10000,69,11,4
10000,69,14,1
10000,69,16,1
10000,69,18,1
10000,70,8,1
10000,70,9,2
10000,70,10,1
10000,70,11,3
10000,70,12,1
10000,70,13,2
10000,70,14,1
10000,70,15,5
10000,70,16,1
10000,70,18,1
10000,70,20,1
10000,71,8,1
10000,71,9,1
10000,71,10,1
10000,71,11,5
10000,71,12,2
10000,71,13,2
10000,71,14,3
10000,71,15,1
10000,71,19,1
10000,71,20,1
10000,71,21,1
10000,72,9,1
10000,72,10,1
10000,72,11,3
10000,72,12,3
10000,72,13,1
10000,72,14,1
10000,72,16,2
10000,73,7,1
10000,73,11,1
10000,73,12,2
10000,73,14,2
10000,73,16,1
10000,73,17,2
10000,74,9,2
10000,74,10,1
10000,74,11,2
10000,74,12,2
10000,74,13,1
10000,74,14,2
10000,74,15,1
10000,75,9,1
10000,75,10,4
10000,75,11,4
10000,75,12,1
10000,75,13,3
10000,75,14,1
10000,75,16,1
10000,75,17,1
10000,75,18,2
10000,75,19,2
10000,75,20,1
10000,75,23,1
10000,76,9,1
10000,76,10,1
10000,76,11,3
10000,76,12,3
10000,76,14,2
10000,76,15,1
10000,76,17,1
10000,76,19,1
10000,77,8,1
10000,77,9,1
10000,77,10,2
10000,77,12,2
10000,77,13,1
10000,77,16,1
10000,78,8,1
10000,78,10,2
10000,78,11,2
10000,78,12,1
10000,78,13,3
10000,78,16,3
10000,78,19,1
10000,78,24,1
10000,79,8,1
10000,79,9,1
10000,79,13,1
10000,79,14,1
10000,79,15,1
10000,79,16,1
10000,80,8,1
10000,80,10,1
10000,80,11,1
10000,80,12,2
10000,80,14,2
10000,81,8,1
10000,81,11,2
10000,81,13,2
10000,81,14,1
10000,81,16,1
10000,81,17,1
10000,82,9,1
10000,82,10,1
10000,82,11,2
10000,82,13,3
10000,82,15,1
10000,82,17,1
10000,82,19,1
10000,83,9,1
10000,83,10,1
10000,83,11,1
10000,83,12,3
10000,83,13,1
10000,84,9,1
10000,84,10,2
10000,84,12,2
10000,84,14,1
10000,84,17,2
10000,84,18,1
10000,85,8,1
10000,85,11,1
10000,85,13,1
10000,85,14,1
10000,85,16,3
10000,86,11,1
10000,86,12,1
10000,86,13,3
10000,86,16,1
10000,87,10,1
10000,87,11,1
10000,87,14,1
10000,87,15,1
10000,87,16,1
10000,88,8,1
10000,88,9,1
10000,88,12,3
10000,88,13,1
10000,88,15,1
10000,88,16,1
10000,89,13,1
10000,89,17,1
10000,90,10,2
10000,90,11,1
10000,90,13,1
10000,90,16,1
10000,90,18,1
10000,91,11,2
10000,91,12,1
10000,91,13,1
10000,92,12,1
10000,92,13,1
10000,92,18,1
10000,93,10,1
10000,93,15,1
10000,93,17,1
10000,93,19,1
10000,94,10,1
10000,94,11,1
10000,94,14,1
10000,94,16,1
10000,94,18,1
10000,95,10,2
10000,95,13,1
10000,95,14,1
10000,95,17,1
10000,95,18,1
10000,96,12,1
10000,96,15,1
10000,97,20,1
10000,98,15,1
10000,98,16,1
10000,99,10,1
10000,99,11,1
10000,99,13,2
10000,99,14,1
10000,99,20,1
10000,100,10,1
10000,100,11,1
10000,100,15,1
10000,101,11,1
10000,101,12,1
10000,102,10,1
10000,102,15,1
10000,102,17,1
10000,103,14,1
10000,104,9,1
10000,104,18,1
10000,104,20,1
10000,105,13,1
10000,107,12,2
10000,107,15,2
10000,108,12,2
10000,109,15,1
10000,110,10,1
10000,110,11,2
10000,111,15,1
10000,111,17,1
10000,112,15,1
10000,114,13,1
10000,115,11,1
10000,115,15,1
10000,116,10,1
10000,116,22,1
10000,117,14,1
10000,117,19,1
10000,118,19,1
10000,119,10,1
10000,121,12,1
10000,122,10,1
10000,122,12,1
10000,122,17,1
10000,124,16,1
10000,129,13,1
10000,129,18,1
10000,130,14,1
10000,131,15,1
10000,131,18,1
10000,132,15,1
10000,134,12,1
10000,134,13,1
10000,134,17,1
10000,136,13,1
10000,137,17,1
10000,144,14,1
10000,144,20,1
10000,152,16,1
30000,1,1,106236
30000,2,2,31938
30000,3,2,5440
30000,3,3,10252
30000,4,2,765
30000,4,3,5589
30000,4,4,3322
30000,5,2,109
30000,5,3,2357
30000,5,4,2953
30000,5,5,1015
30000,6,2,17
30000,6,3,977
30000,6,4,2118
30000,6,5,1397
30000,6,6,312
30000,7,2,5
30000,7,3,369
30000,7,4,1404
30000,7,5,1241
30000,7,6,515
30000,7,7,87
30000,8,2,1
30000,8,3,116
30000,8,4,819
30000,8,5,1067
30000,8,6,626
30000,8,7,195
30000,8,8,28
30000,9,3,63
30000,9,4,512
30000,9,5,813
30000,9,6,597
30000,9,7,264
30000,9,8,73
30000,9,9,5
30000,10,3,31
30000,10,4,321
30000,10,5,639
30000,10,6,514
30000,10,7,258
30000,10,8,115
30000,10,9,24
30000,10,10,3
30000,11,3,20
30000,11,4,190
30000,11,5,443
30000,11,6,456
30000,11,7,285
30000,11,8,138
30000,11,9,41
30000,11,10,6
30000,11,11,1
30000,12,3,12
30000,12,4,110
30000,12,5,351
30000,12,6,377
30000,12,7,279
30000,12,8,147
30000,12,9,40
30000,12,10,17
30000,12,11,2
30000,13,3,4
30000,13,4,61
30000,13,5,253
30000,13,6,322
30000,13,7,231
30000,13,8,153
30000,13,9,65
30000,13,10,16
30000,13,11,5
30000,14,3,1
30000,14,4,46
30000,14,5,162
30000,14,6,282
30000,14,7,217
30000,14,8,148
30000,14,9,72
30000,14,10,27
30000,14,11,12
30000,14,12,1
30000,14,13,1
30000,15,3,1
30000,15,4,19
30000,15,5,157
30000,15,6,214
30000,15,7,223
30000,15,8,157
30000,15,9,61
30000,15,10,32
30000,15,11,8
30000,15,12,3
30000,15,13,1
30000,16,3,1
30000,16,4,21
30000,16,5,98
30000,16,6,167
30000,16,7,201
30000,16,8,145
30000,16,9,79
30000,16,10,51
30000,16,11,9
30000,16,12,3
30000,16,13,2
30000,17,4,12
30000,17,5,65
30000,17,6,165
30000,17,7,184
30000,17,8,126
30000,17,9,75
30000,17,10,43
30000,17,11,14
30000,17,12,5
30000,17,13,3
30000,18,3,1
30000,18,4,9
30000,18,5,65
30000,18,6,107
30000,18,7,133
30000,18,8,112
30000,18,9,69
30000,18,10,35
30000,18,11,18
30000,18,12,15
30000,18,13,4
30000,19,3,1
30000,19,4,9
30000,19,5,43
30000,19,6,98
30000,19,7,115
30000,19,8,111
30000,19,9,65
30000,19,10,34
30000,19,11,19
30000,19,12,8
30000,19,13,4
30000,20,4,5
30000,20,5,38
30000,20,6,74
30000,20,7,99
30000,20,8,112
30000,20,9,55
30000,20,10,40
30000,20,11,28
30000,20,12,9
30000,20,13,5
30000,20,14,2
30000,20,15,1
30000,21,5,19
30000,21,6,68
30000,21,7,92
30000,21,8,88
30000,21,9,76
30000,21,10,53
30000,21,11,13
30000,21,12,8
30000,21,13,1
30000,21,14,3
30000,22,4,2
30000,22,5,15
30000,22,6,50
30000,22,7,67
30000,22,8,85
30000,22,9,55
30000,22,10,45
30000,22,11,28
30000,22,12,10
30000,22,13,4
30000,22,14,2
30000,22,15,1
30000,23,4,2
30000,23,5,12
30000,23,6,44
30000,23,7,77
30000,23,8,76
30000,23,9,50
30000,23,10,33
30000,23,11,19
30000,23,12,13
30000,23,13,4
30000,23,14,3
30000,23,15,1
30000,23,16,1
30000,24,5,9
30000,24,6,37
30000,24,7,58
30000,24,8,74
30000,24,9,49
30000,24,10,39
30000,24,11,25
30000,24,12,13
30000,24,13,10
30000,24,14,2
30000,24,16,1
30000,25,4,1
30000,25,5,9
30000,25,6,47
30000,25,7,40
30000,25,8,43
30000,25,9,48
30000,25,10,42
30000,25,11,24
30000,25,12,13
30000,25,13,9
30000,25,14,2
30000,25,17,1
30000,26,4,1
30000,26,5,7
30000,26,6,25
30000,26,7,59
30000,26,8,57
30000,26,9,43
30000,26,10,31
30000,26,11,20
30000,26,12,11
30000,26,13,11
30000,26,14,4
30000,26,15,1
30000,26,16,2
30000,27,6,23
30000,27,7,26
30000,27,8,44
30000,27,9,35
30000,27,10,28
30000,27,11,22
30000,27,12,11
30000,27,13,6
30000,27,14,3
30000,27,15,6
30000,28,4,1
30000,28,5,7
30000,28,6,17
30000,28,7,31
30000,28,8,42
30000,28,9,41
30000,28,10,26
30000,28,11,15
30000,28,12,13
30000,28,13,4
30000,28,14,3
30000,28,15,2
30000,28,16,1
30000,28,17,1
30000,29,4,1
30000,29,5,3
30000,29,6,15
30000,29,7,34
30000,29,8,43
30000,29,9,28
30000,29,10,23
30000,29,11,16
30000,29,12,11
30000,29,13,8
30000,29,14,1
30000,29,15,1
30000,29,16,2
30000,29,17,1
30000,30,4,1
30000,30,5,5
30000,30,6,16
30000,30,7,22
30000,30,8,28
30000,30,9,27
30000,30,10,27
30000,30,11,20
30000,30,12,13
30000,30,13,6
30000,30,14,1
30000,30,15,2
30000,31,5,2
30000,31,6,11
30000,31,7,13
30000,31,8,32
30000,31,9,29
30000,31,10,28
30000,31,11,16
30000,31,12,15
30000,31,13,9
30000,31,14,4
30000,31,15,3
30000,31,16,1
30000,31,18,1
30000,31,19,1
30000,32,5,2
30000,32,6,8
30000,32,7,22
30000,32,8,37
30000,32,9,29
30000,32,10,31
30000,32,11,15
30000,32,12,5
30000,32,13,7
30000,32,14,4
30000,32,15,2
30000,32,17,1
30000,33,5,3
30000,33,6,11
30000,33,7,21
30000,33,8,25
30000,33,9,25
30000,33,10,16
30000,33,11,8
30000,33,12,10
30000,33,13,9
30000,33,14,7
30000,33,15,2
30000,33,16,1
30000,33,18,1
30000,33,20,1
30000,34,5,1
30000,34,6,5
30000,34,7,19
30000,34,8,16
30000,34,9,31
30000,34,10,21
30000,34,11,12
30000,34,12,8
30000,34,13,8
30000,34,14,3
30000,34,15,1
30000,34,16,1
30000,35,5,3
30000,35,6,11
30000,35,7,19
30000,35,8,19
30000,35,9,23
30000,35,10,14
30000,35,11,15
30000,35,12,10
30000,35,13,5
30000,35,14,6
30000,35,15,1
30000,35,16,1
30000,35,18,1
30000,36,6,9
30000,36,7,10
30000,36,8,15
30000,36,9,21
30000,36,10,18
30000,36,11,14
30000,36,12,11
30000,36,13,3
30000,36,14,3
30000,36,15,3
30000,36,16,2
30000,36,20,1
30000,37,6,9
30000,37,7,15
30000,37,8,16
30000,37,9,14
30000,37,10,19
30000,37,11,14
30000,37,12,13
30000,37,13,6
30000,37,14,4
30000,37,15,3
30000,37,16,1
30000,37,17,1
30000,38,6,7
30000,38,7,6
30000,38,8,13
30000,38,9,16
30000,38,10,17
30000,38,11,10
30000,38,12,6
30000,38,13,3
30000,38,14,3
30000,38,15,3
30000,38,16,1
30000,38,17,1
30000,38,19,1
30000,39,5,1
30000,39,6,6
30000,39,7,8
30000,39,8,20
30000,39,9,11
30000,39,10,16
30000,39,11,15
30000,39,12,11
30000,39,13,6
30000,39,14,6
30000,39,15,3
30000,39,16,2
30000,40,6,1
30000,40,7,7
30000,40,8,6
30000,40,9,10
30000,40,10,13
30000,40,11,14
30000,40,12,8
30000,40,13,8
30000,40,14,3
30000,40,15,3
30000,41,6,3
30000,41,7,8
30000,41,8,16
30000,41,9,19
30000,41,10,16
30000,41,11,11
30000,41,12,13
30000,41,13,3
30000,41,14,3
30000,41,15,1
30000,41,16,3
30000,41,18,1
30000,42,5,1
30000,42,7,7
30000,42,8,9
30000,42,9,13
30000,42,10,10
30000,42,11,12
30000,42,12,5
30000,42,13,5
30000,42,14,2
30000,42,15,3
30000,42,17,2
30000,42,18,1
30000,42,19,1
30000,43,5,1
30000,43,6,3
30000,43,7,5
30000,43,8,10
30000,43,9,20
30000,43,10,7
30000,43,11,9
30000,43,12,11
30000,43,13,7
30000,43,14,3
30000,43,15,1
30000,43,16,1
30000,43,19,1
30000,44,5,1
30000,44,6,3
30000,44,7,2
30000,44,8,10
30000,44,9,14
30000,44,10,14
30000,44,11,8
30000,44,12,8
30000,44,13,4
30000,44,14,1
30000,44,15,1
30000,44,16,1
30000,44,17,1
30000,45,5,1
30000,45,7,6
30000,45,8,11
30000,45,9,9
30000,45,10,12
30000,45,11,13
30000,45,12,5
30000,45,13,5
30000,45,14,5
30000,45,15,5
30000,45,16,1
30000,45,18,1
30000,45,19,1
30000,46,6,1
30000,46,7,5
30000,46,8,6
30000,46,9,13
30000,46,10,11
30000,46,11,5
30000,46,12,7
30000,46,13,3
30000,46,14,2
30000,46,15,2
30000,46,16,1
30000,47,6,1
30000,47,7,2
30000,47,8,7
30000,47,9,7
30000,47,10,10
30000,47,11,6
30000,47,12,3
30000,47,13,4
30000,47,14,2
30000,47,15,2
30000,47,16,1
30000,47,17,1
30000,48,7,2
30000,48,8,6
30000,48,9,10
30000,48,10,7
30000,48,11,5
30000,48,12,7
30000,48,13,3
30000,48,14,5
30000,48,15,1
30000,48,16,3
30000,49,6,2
30000,49,7,3
30000,49,8,5
30000,49,9,3
30000,49,10,6
30000,49,11,6
30000,49,12,9
30000,49,13,3
30000,49,14,2
30000,49,15,1
30000,50,6,1
30000,50,7,2
30000,50,8,5
30000,50,9,10
30000,50,10,4
30000,50,11,9
30000,50,12,6
30000,50,13,3
30000,50,14,3
30000,50,15,2
30000,50,16,1
30000,50,17,1
30000,50,19,1
30000,51,7,2
30000,51,8,9
30000,51,9,9
30000,51,10,6
30000,51,11,2
30000,51,12,6
30000,51,13,4
30000,51,15,2
30000,51,16,3
30000,51,18,1
30000,51,20,1
30000,52,7,2
30000,52,8,4
30000,52,9,4
30000,52,10,5
30000,52,11,6
30000,52,12,6
30000,52,13,3
30000,52,14,2
30000,52,15,2
30000,52,16,2
30000,52,18,2
30000,52,19,1
30000,53,6,2
30000,53,7,4
30000,53,8,7
30000,53,9,10
30000,53,10,6
30000,53,11,5
30000,53,12,6
30000,53,13,1
30000,53,14,3
30000,53,15,7
30000,54,6,1
30000,54,7,3
30000,54,8,5
30000,54,9,8
30000,54,10,2
30000,54,11,11
30000,54,12,9
30000,54,13,1
30000,54,14,1
30000,54,15,3
30000,54,16,1
30000,54,18,1
30000,54,24,1
30000,55,6,1
30000,55,7,4
30000,55,8,5
30000,55,9,7
30000,55,10,8
30000,55,11,5
30000,55,12,5
30000,55,13,4
30000,55,14,1
30000,55,15,1
30000,55,18,1
30000,55,25,1
30000,56,6,1
30000,56,7,1
30000,56,8,7
30000,56,9,1
30000,56,10,5
30000,56,11,4
30000,56,12,4
30000,56,13,5
30000,56,19,1
30000,56,20,1
30000,57,7,3
30000,57,8,8
30000,57,9,6
30000,57,10,6
30000,57,11,3
30000,57,12,6
30000,57,13,3
30000,57,14,2
30000,57,15,2
30000,57,16,1
30000,58,7,4
30000,58,8,3
30000,58,9,3
30000,58,10,10
30000,58,11,6
30000,58,12,2
30000,58,13,1
30000,58,14,1
30000,58,15,1
30000,58,16,1
30000,59,8,3
30000,59,9,3
30000,59,10,3
30000,59,11,5
30000,59,12,4
30000,59,13,2
30000,59,14,5
30000,59,15,1
30000,59,16,2
30000,60,7,2
30000,60,8,3
30000,60,9,1
30000,60,10,4
30000,60,11,3
30000,60,12,5
30000,60,13,3
30000,60,14,1
30000,60,15,2
30000,61,7,3
30000,61,8,1
30000,61,9,5
30000,61,10,7
30000,61,11,4
30000,61,12,6
30000,61,13,3
30000,61,19,1
30000,62,8,4
30000,62,9,8
30000,62,10,3
30000,62,11,2
30000,62,12,1
30000,62,13,4
30000,62,14,2
30000,62,16,1
30000,62,17,1
30000,62,20,1
30000,63,8,2
30000,63,9,2
30000,63,10,5
30000,63,11,2
30000,63,12,2
30000,63,13,1
30000,63,14,1
30000,63,17,1
30000,64,7,2
30000,64,8,2
30000,64,9,3
30000,64,10,7
30000,64,11,1
30000,64,12,2
30000,64,13,1
30000,64,14,1
30000,64,15,1
30000,64,18,1
30000,65,8,4
30000,65,9,2
30000,65,10,5
30000,65,11,3
30000,65,12,2
30000,65,13,1
30000,65,14,2
30000,65,15,1
30000,65,24,1
30000,66,7,1
30000,66,8,1
30000,66,9,11
30000,66,10,4
30000,66,11,4
30000,66,12,1
30000,66,14,4
30000,66,15,1
30000,66,16,2
30000,66,17,1
30000,67,8,1
30000,67,9,2
30000,67,10,7
30000,67,11,4
30000,67,12,3
30000,67,13,1
30000,67,14,1
30000,67,15,1
30000,67,17,1
30000,68,7,1
30000,68,8,1
30000,68,9,5
30000,68,10,4
30000,68,11,1
30000,68,12,3
30000,68,13,3
30000,68,14,1
30000,68,16,1
30000,69,6,1
30000,69,7,2
30000,69,8,1
30000,69,9,7
30000,69,10,4
30000,69,11,3
30000,69,12,1
30000,69,13,1
30000,69,14,2
30000,70,7,1
30000,70,8,5
30000,70,9,3
30000,70,10,4
30000,70,11,2
30000,70,12,2
30000,70,14,1
30000,70,18,1
30000,70,19,1
30000,71,9,5
30000,71,10,5
30000,71,11,3
30000,71,13,4
30000,71,14,1
30000,71,15,1
30000,71,16,1
30000,71,18,1
30000,72,8,1
30000,72,10,4
30000,72,11,4
30000,72,12,2
30000,72,13,2
30000,72,16,1
30000,72,17,1
30000,72,18,1
30000,73,8,1
30000,73,9,3
30000,73,10,1
30000,73,11,3
30000,73,12,1
30000,73,14,2
30000,73,15,3
30000,73,16,2
30000,73,18,1
30000,74,6,1
30000,74,7,2
30000,74,8,2
30000,74,9,3
30000,74,11,1
30000,74,13,3
30000,74,14,1
30000,74,16,1
30000,75,7,1
30000,75,10,1
30000,75,11,1
30000,75,12,1
30000,75,13,1
30000,75,14,2
30000,75,15,2
30000,76,7,1
30000,76,9,2
30000,76,10,2
30000,76,11,3
30000,76,12,4
30000,76,13,3
30000,76,14,2
30000,76,15,1
30000,76,20,1
30000,77,9,2
30000,77,10,1
30000,77,11,1
30000,77,12,1
30000,77,13,2
30000,77,14,3
30000,77,16,1
30000,78,8,2
30000,78,9,2
30000,78,11,1
30000,78,12,5
30000,78,13,2
30000,78,15,1
30000,78,16,1
30000,78,18,1
30000,78,19,1
30000,78,25,1
30000,79,8,1
30000,79,9,2
30000,79,11,1
30000,79,12,2
30000,79,13,2
30000,79,17,1
30000,79,18,1
30000,79,19,1
30000,80,9,1
30000,80,10,1
30000,80,11,3
30000,80,12,2
30000,80,13,2
30000,80,15,1
30000,80,17,1
30000,81,8,1
30000,81,9,2
30000,81,10,3
30000,81,11,2
30000,81,13,4
30000,81,14,2
30000,81,15,2
30000,81,18,1
30000,81,21,1
30000,82,10,4
30000,82,11,3
30000,82,12,3
30000,82,14,1
30000,82,15,2
30000,82,16,1
30000,83,9,1
30000,83,10,2
30000,83,11,2
30000,83,12,1
30000,83,13,2
30000,83,14,3
30000,83,16,2
30000,83,17,1
30000,84,7,1
30000,84,10,2
30000,84,13,1
30000,84,14,1
30000,85,9,1
30000,85,10,1
30000,85,11,3
30000,85,12,3
30000,85,14,1
30000,85,17,2
30000,86,10,1
30000,86,11,3
30000,86,12,1
30000,86,13,1
30000,86,17,1
30000,87,8,1
30000,87,9,1
30000,87,11,3
30000,87,12,2
30000,87,13,2
30000,87,14,1
30000,87,15,1
30000,87,16,1
30000,88,8,1
30000,88,11,1
30000,88,12,1
30000,88,13,1
30000,88,16,1
30000,88,21,1
30000,89,9,2
30000,89,11,1
30000,89,12,1
30000,89,14,1
30000,89,15,2
30000,89,16,1
30000,90,10,3
30000,90,12,2
30000,90,15,2
30000,91,8,1
30000,91,9,3
30000,91,10,3
30000,91,11,1
30000,91,12,1
30000,91,14,1
30000,91,16,1
30000,92,10,2
30000,92,11,1
30000,92,12,1
30000,92,14,1
30000,92,16,1
30000,92,19,1
30000,93,9,1
30000,93,10,1
30000,93,11,1
30000,93,12,1
30000,93,13,3
30000,93,14,1
30000,93,15,1
30000,93,16,1
30000,94,9,1
30000,94,10,2
30000,94,11,2
30000,94,14,1
30000,94,17,1
30000,95,11,1
30000,95,12,1
30000,95,13,2
30000,95,17,1
30000,96,13,1
30000,96,14,1
30000,96,15,1
30000,97,12,1
30000,97,13,1
30000,97,17,1
30000,98,8,2
30000,98,11,2
30000,98,13,1
30000,98,15,1
30000,98,23,1
30000,99,9,1
30000,99,11,1
30000,99,12,1
30000,99,16,1
30000,100,10,1
30000,100,14,1
30000,100,20,1
30000,101,12,1
30000,101,13,1
30000,102,8,1
30000,102,11,1
30000,102,12,1
30000,102,15,1
30000,103,11,1
30000,103,12,1
30000,103,13,2
30000,103,14,3
30000,103,15,1
30000,103,16,1
30000,104,12,1
30000,104,13,1
30000,104,16,1
30000,105,11,1
30000,105,15,2
30000,106,9,1
30000,106,10,1
30000,106,12,1
30000,106,13,1
30000,106,14,2
30000,107,11,1
30000,107,12,1
30000,107,13,1
30000,107,14,1
30000,109,12,1
30000,109,13,1
30000,109,14,1
30000,109,15,1
30000,110,11,1
30000,110,14,1
30000,110,18,1
30000,111,10,2
30000,111,11,1
30000,111,12,1
30000,111,13,1
30000,111,28,1
30000,112,8,1
30000,112,9,2
30000,112,10,1
30000,113,14,1
30000,113,15,1
30000,114,13,2
30000,115,12,1
30000,115,20,1
30000,116,22,1
30000,117,12,1
30000,118,12,1
30000,118,13,1
30000,119,10,1
30000,119,11,1
30000,119,14,1
30000,119,15,1
30000,120,9,2
30000,120,16,1
30000,120,22,1
30000,121,14,1
30000,122,12,2
30000,122,13,1
30000,122,15,1
30000,122,18,1
30000,123,10,2
30000,123,14,1
30000,124,11,1
30000,125,13,1
30000,126,11,1
30000,126,16,1
30000,129,12,1
30000,129,17,1
30000,132,15,1
30000,134,15,1
30000,134,16,1
30000,134,20,1
30000,135,15,1
30000,136,11,1
30000,136,13,1
30000,137,10,1
30000,138,10,1
30000,140,10,1
30000,140,13,2
30000,141,15,1
30000,141,16,1
30000,143,12,1
30000,144,11,1
30000,145,10,1
30000,145,16,1
30000,149,10,1
30000,149,12,1
30000,153,13,1
30000,159,26,1
30000,161,17,1
30000,164,22,1
30000,165,12,1
30000,177,15,1
30000,184,17,1
30000,185,18,1
100000,1,1,106590
100000,2,2,32023
100000,3,2,5535
100000,3,3,10282
100000,4,2,812
100000,4,3,5631
100000,4,4,3178
100000,5,2,91
100000,5,3,2351
100000,5,4,3079
100000,5,5,1029
100000,6,2,13
100000,6,3,910
100000,6,4,2160
100000,6,5,1353
100000,6,6,307
100000,7,2,2
100000,7,3,356
100000,7,4,1362
100000,7,5,1224
100000,7,6,558
100000,7,7,98
100000,8,3,136
100000,8,4,856
100000,8,5,1030
100000,8,6,573
100000,8,7,203
100000,8,8,23
100000,9,3,55
100000,9,4,521
100000,9,5,785
100000,9,6,573
100000,9,7,254
100000,9,8,66
100000,9,9,6
100000,10,3,27
100000,10,4,301
100000,10,5,619
100000,10,6,493
100000,10,7,264
100000,10,8,94
100000,10,9,25
100000,10,10,1
100000,11,3,13
100000,11,4,199
100000,11,5,438
100000,11,6,441
100000,11,7,281
100000,11,8,131
100000,11,9,52
100000,11,10,9
100000,11,11,1
100000,12,3,3
100000,12,4,114
100000,12,5,343
100000,12,6,374
100000,12,7,258
100000,12,8,117
100000,12,9,46
100000,12,10,7
100000,12,11,9
100000,13,4,67
100000,13,5,250
100000,13,6,343
100000,13,7,243
100000,13,8,157
100000,13,9,73
100000,13,10,23
100000,13,11,3
100000,13,12,1
100000,14,3,2
100000,14,4,29
100000,14,5,191
100000,14,6,269
100000,14,7,228
100000,14,8,155
100000,14,9,99
100000,14,10,23
100000,14,11,12
100000,14,12,3
100000,14,13,1
100000,14,14,1
100000,15,4,16
100000,15,5,119
100000,15,6,231
100000,15,7,237
100000,15,8,153
100000,15,9,65
100000,15,10,35
100000,15,11,19
100000,15,12,4
100000,15,13,2
100000,16,4,19
100000,16,5,92
100000,16,6,164
100000,16,7,198
100000,16,8,137
100000,16,9,79
100000,16,10,39
100000,16,11,15
100000,16,12,8
100000,17,4,13
100000,17,5,67
100000,17,6,156
100000,17,7,168
100000,17,8,130
100000,17,9,86
100000,17,10,40
100000,17,11,26
100000,17,12,7
100000,17,14,1
100000,18,3,2
100000,18,4,8
100000,18,5,51
100000,18,6,115
100000,18,7,130
100000,18,8,106
100000,18,9,83
100000,18,10,48
100000,18,11,19
100000,18,12,5
100000,18,13,5
100000,18,14,1
100000,18,15,1
100000,19,4,7
100000,19,5,42
100000,19,6,101
100000,19,7,117
100000,19,8,100
100000,19,9,77
100000,19,10,42
100000,19,11,19
100000,19,12,8
100000,19,13,4
100000,19,14,1
100000,20,5,29
100000,20,6,83
100000,20,7,105
100000,20,8,93
100000,20,9,67
100000,20,10,38
100000,20,11,27
100000,20,12,10
100000,20,13,5
100000,21,4,1
100000,21,5,22
100000,21,6,56
100000,21,7,109
100000,21,8,81
100000,21,9,67
100000,21,10,38
100000,21,11,24
100000,21,12,6
100000,21,13,3
100000,21,14,2
100000,21,16,1
100000,22,4,1
100000,22,5,20
100000,22,6,57
100000,22,7,80
100000,22,8,97
100000,22,9,67
100000,22,10,42
100000,22,11,18
100000,22,12,8
100000,22,13,3
100000,22,14,3
100000,23,5,17
100000,23,6,41
100000,23,7,70
100000,23,8,67
100000,23,9,57
100000,23,10,36
100000,23,11,24
100000,23,12,12
100000,23,13,7
100000,23,14,1
100000,23,15,1
100000,24,4,1
100000,24,5,9
100000,24,6,36
100000,24,7,54
100000,24,8,61
100000,24,9,49
100000,24,10,32
100000,24,11,19
100000,24,12,10
100000,24,13,4
100000,24,14,3
100000,25,5,11
100000,25,6,31
100000,25,7,44
100000,25,8,44
100000,25,9,48
100000,25,10,36
100000,25,11,19
100000,25,12,9
100000,25,13,5
100000,25,14,3
100000,25,15,3
100000,26,4,1
100000,26,5,6
100000,26,6,25
100000,26,7,53
100000,26,8,56
100000,26,9,45
100000,26,10,29
100000,26,11,13
100000,26,12,15
100000,26,13,8
100000,26,14,8
100000,27,5,5
100000,27,6,29
100000,27,7,39
100000,27,8,49
100000,27,9,38
100000,27,10,31
100000,27,11,26
100000,27,12,8
100000,27,13,7
100000,27,14,3
100000,27,15,2
100000,27,20,1
100000,28,5,6
100000,28,6,23
100000,28,7,36
100000,28,8,38
100000,28,9,30
100000,28,10,33
100000,28,11,17
100000,28,12,10
100000,28,13,4
100000,28,14,4
100000,28,15,1
100000,28,16,1
100000,29,5,5
100000,29,6,15
100000,29,7,25
100000,29,8,44
100000,29,9,28
100000,29,10,29
100000,29,11,19
100000,29,12,6
100000,29,13,4
100000,29,14,3
100000,29,15,1
100000,29,16,1
100000,30,4,1
100000,30,5,3
100000,30,6,11
100000,30,7,26
100000,30,8,32
100000,30,9,26
100000,30,10,33
100000,30,11,19
100000,30,12,12
100000,30,13,4
100000,30,14,5
100000,30,15,4
100000,31,5,1
100000,31,6,10
100000,31,7,24
100000,31,8,35
100000,31,9,35
100000,31,10,21
100000,31,11,13
100000,31,12,13
100000,31,13,5
100000,31,14,1
100000,31,15,2
100000,31,16,2
100000,32,5,1
100000,32,6,6
100000,32,7,15
100000,32,8,20
100000,32,9,17
100000,32,10,31
100000,32,11,14
100000,32,12,13
100000,32,13,6
100000,32,14,4
100000,32,15,3
100000,32,16,2
100000,32,18,1
100000,33,5,1
100000,33,6,6
100000,33,7,18
100000,33,8,20
100000,33,9,24
100000,33,10,26
100000,33,11,8
100000,33,12,9
100000,33,13,7
100000,33,14,6
100000,33,15,1
100000,33,16,1
100000,34,5,1
100000,34,6,7
100000,34,7,17
100000,34,8,33
100000,34,9,22
100000,34,10,16
100000,34,11,13
100000,34,12,9
100000,34,13,4
100000,34,14,6
100000,34,15,2
100000,34,17,3
100000,34,18,1
100000,35,5,1
100000,35,6,2
100000,35,7,11
100000,35,8,23
100000,35,9,19
100000,35,10,22
100000,35,11,11
100000,35,12,5
100000,35,13,6
100000,35,14,1
100000,35,17,1
100000,36,5,2
100000,36,6,7
100000,36,7,14
100000,36,8,22
100000,36,9,27
100000,36,10,12
100000,36,11,16
100000,36,12,13
100000,36,13,5
100000,36,14,2
100000,36,15,2
100000,36,16,1
100000,37,6,3
100000,37,7,8
100000,37,8,15
100000,37,9,20
100000,37,10,10
100000,37,11,14
100000,37,12,12
100000,37,13,10
100000,37,14,3
100000,37,15,5
100000,37,16,1
100000,38,6,4
100000,38,7,11
100000,38,8,11
100000,38,9,16
100000,38,10,11
100000,38,11,11
100000,38,12,2
100000,38,13,6
100000,38,14,10
100000,38,15,3
100000,38,16,1
100000,38,17,1
100000,38,18,2
100000,39,6,4
100000,39,7,10
100000,39,8,15
100000,39,9,13
100000,39,10,11
100000,39,11,9
100000,39,12,10
100000,39,13,6
100000,39,14,1
100000,39,18,1
100000,40,6,1
100000,40,7,7
100000,40,8,16
100000,40,9,17
100000,40,10,16
100000,40,11,8
100000,40,12,8
100000,40,13,8
100000,40,14,4
100000,40,15,1
100000,40,16,1
100000,40,19,1
100000,41,5,1
100000,41,6,5
100000,41,7,13
100000,41,8,9
100000,41,9,14
100000,41,10,14
100000,41,11,13
100000,41,12,9
100000,41,13,2
100000,41,14,5
100000,41,15,2
100000,41,16,1
100000,41,18,2
100000,42,7,12
100000,42,8,11
100000,42,9,10
100000,42,10,16
100000,42,11,7
100000,42,12,7
100000,42,13,4
100000,42,14,2
100000,42,19,1
100000,43,6,1
100000,43,7,4
100000,43,8,11
100000,43,9,11
100000,43,10,18
100000,43,11,9
100000,43,12,7
100000,43,13,7
100000,43,14,1
100000,43,15,1
100000,44,6,3
100000,44,7,3
100000,44,8,5
100000,44,9,8
100000,44,10,10
100000,44,11,8
100000,44,12,7
100000,44,13,2
100000,44,14,3
100000,45,6,1
100000,45,7,5
100000,45,8,7
100000,45,9,7
100000,45,10,8
100000,45,11,7
100000,45,12,9
100000,45,13,4
100000,45,14,4
100000,45,15,1
100000,45,16,1
100000,45,18,1
100000,46,6,1
100000,46,7,3
100000,46,8,6
100000,46,9,11
100000,46,10,16
100000,46,11,9
100000,46,12,3
100000,46,13,6
100000,46,14,4
100000,46,15,5
100000,47,6,1
100000,47,7,3
100000,47,8,7
100000,47,9,7
100000,47,10,13
100000,47,11,10
100000,47,12,8
100000,47,13,2
100000,47,14,2
100000,47,15,5
100000,47,18,1
100000,48,6,2
100000,48,7,4
100000,48,8,5
100000,48,9,8
100000,48,10,12
100000,48,11,4
100000,48,12,3
100000,48,13,4
100000,48,14,2
100000,48,15,2
100000,48,16,2
100000,48,17,1
100000,48,19,1
100000,49,7,6
100000,49,8,7
100000,49,9,7
100000,49,10,9
100000,49,11,3
100000,49,12,6
100000,49,13,3
100000,49,14,2
100000,49,15,1
100000,49,16,1
100000,49,17,1
100000,50,7,3
100000,50,8,7
100000,50,9,8
100000,50,10,8
100000,50,11,5
100000,50,12,2
100000,50,13,4
100000,50,16,1
100000,50,18,1
100000,51,8,1
100000,51,9,4
100000,51,10,7
100000,51,11,4
100000,51,12,4
100000,51,13,4
100000,51,15,2
100000,51,17,1
100000,52,6,2
100000,52,7,3
100000,52,8,2
100000,52,9,4
100000,52,10,10
100000,52,11,4
100000,52,12,7
100000,52,13,1
100000,52,14,2
100000,52,15,1
100000,52,16,2
100000,52,19,1
100000,53,5,1
100000,53,6,2
100000,53,7,1
100000,53,8,2
100000,53,9,5
100000,53,10,3
100000,53,11,2
100000,53,12,3
100000,53,13,3
100000,53,14,2
100000,53,15,2
100000,53,16,1
100000,53,17,1
100000,53,18,1
100000,53,19,1
100000,54,7,2
100000,54,8,4
100000,54,9,4
100000,54,10,4
100000,54,11,3
100000,54,12,3
100000,54,13,4
100000,54,14,1
100000,54,15,6
100000,54,17,1
100000,54,18,1
100000,55,7,1
100000,55,8,2
100000,55,9,5
100000,55,10,7
100000,55,11,5
100000,55,12,8
100000,55,13,1
100000,55,14,1
100000,55,16,2
100000,55,20,1
100000,56,6,2
100000,56,7,3
100000,56,8,4
100000,56,9,5
100000,56,10,3
100000,56,11,5
100000,56,12,6
100000,56,13,4
100000,56,14,1
100000,56,15,3
100000,56,16,2
100000,57,5,1
100000,57,7,1
100000,57,8,7
100000,57,9,2
100000,57,10,1
100000,57,11,5
100000,57,12,4
100000,57,13,1
100000,57,14,2
100000,57,16,1
100000,58,7,4
100000,58,8,1
100000,58,9,2
100000,58,10,7
100000,58,11,7
100000,58,12,3
100000,58,13,2
100000,58,14,2
100000,58,15,2
100000,59,7,1
100000,59,8,2
100000,59,9,3
100000,59,10,6
100000,59,11,4
100000,59,12,6
100000,59,13,3
100000,59,15,2
100000,59,16,2
100000,59,17,2
100000,60,5,1
100000,60,6,1
100000,60,7,1
100000,60,8,1
100000,60,9,3
100000,60,10,5
100000,60,11,5
100000,60,12,5
100000,60,13,3
100000,60,14,1
100000,61,6,2
100000,61,7,3
100000,61,8,1
100000,61,9,4
100000,61,10,1
100000,61,11,5
100000,61,12,4
100000,61,13,3
100000,61,14,2
100000,61,16,1
100000,61,18,2
100000,61,20,1
100000,61,21,1
100000,62,7,1
100000,62,8,2
100000,62,9,2
100000,62,10,1
100000,62,11,3
100000,62,12,4
100000,62,13,2
100000,62,14,1
100000,62,15,1
100000,62,16,1
100000,62,19,1
100000,63,7,2
100000,63,8,2
100000,63,9,5
100000,63,10,5
100000,63,11,2
100000,63,12,1
100000,63,13,2
100000,63,14,2
100000,64,7,1
100000,64,8,1
100000,64,9,2
100000,64,10,3
100000,64,12,1
100000,64,14,2
100000,64,16,3
100000,65,9,2
100000,65,10,3
100000,65,11,4
100000,65,12,2
100000,65,13,2
100000,65,14,2
100000,65,15,2
100000,66,9,1
100000,66,10,4
100000,66,11,5
100000,66,12,1
100000,66,13,1
100000,66,15,1
100000,66,18,1
100000,66,23,1
100000,67,6,1
100000,67,7,1
100000,67,9,1
100000,67,10,2
100000,67,11,2
100000,67,12,5
100000,67,13,1
100000,67,14,1
100000,67,15,3
100000,67,16,1
100000,67,17,2
100000,68,6,1
100000,68,8,2
100000,68,9,4
100000,68,10,1
100000,68,11,2
100000,68,13,2
100000,68,14,1
100000,68,15,1
100000,68,17,1
100000,68,18,1
100000,69,8,1
100000,69,9,1
100000,69,10,1
100000,69,11,2
100000,69,12,2
100000,69,13,1
100000,69,15,3
100000,70,9,1
100000,70,11,5
100000,70,13,1
100000,70,15,1
100000,71,7,1
100000,71,9,2
100000,71,10,1
100000,71,11,3
100000,71,12,1
100000,71,13,1
100000,71,15,1
100000,71,16,1
100000,72,8,2
100000,72,9,1
100000,72,10,5
100000,72,11,4
100000,72,13,3
100000,72,14,1
100000,72,19,1
100000,73,8,1
100000,73,9,1
100000,73,10,1
100000,73,12,2
100000,73,17,1
100000,73,21,1
100000,73,24,1
100000,74,7,1
100000,74,8,2
100000,74,9,1
100000,74,11,1
100000,74,12,1
100000,74,13,3
100000,74,14,2
100000,74,15,2
100000,74,16,2
100000,74,18,1
100000,74,20,1
100000,75,8,1
100000,75,10,3
100000,75,11,2
100000,75,12,1
100000,75,13,1
100000,75,15,1
100000,75,18,2
100000,76,10,1
100000,76,11,1
100000,76,12,3
100000,76,13,1
100000,76,14,1
100000,76,18,1
100000,77,7,3
100000,77,8,1
100000,77,10,1
100000,77,11,2
100000,77,14,1
100000,77,15,1
100000,78,8,1
100000,78,9,2
100000,78,10,3
100000,78,11,2
100000,78,12,1
100000,78,13,2
100000,78,16,1
100000,79,8,1
100000,79,9,1
100000,79,10,2
100000,79,14,1
100000,79,15,1
100000,80,7,1
100000,80,8,1
100000,80,9,3
100000,80,11,1
100000,80,12,1
100000,80,13,2
100000,80,14,2
100000,80,15,1
100000,80,16,1
100000,81,10,2
100000,81,12,2
100000,81,13,2
100000,81,14,1
100000,82,7,1
100000,82,9,1
100000,82,11,1
100000,82,12,1
100000,82,14,1
100000,82,15,2
100000,82,16,1
100000,82,23,1
100000,83,7,1
100000,83,9,1
100000,83,10,2
100000,83,11,1
100000,83,12,3
100000,83,14,2
100000,83,15,1
100000,83,16,1
100000,84,9,2
100000,84,10,1
100000,84,11,1
100000,84,12,2
100000,84,13,1
100000,84,14,1
100000,84,17,1
100000,85,9,1
100000,85,10,1
100000,85,11,1
100000,85,12,1
100000,85,14,2
100000,85,16,1
100000,86,10,1
100000,86,11,3
100000,86,12,1
100000,86,14,2
100000,86,16,1
100000,87,9,1
100000,87,11,1
100000,87,13,1
100000,87,16,1
100000,87,17,1
100000,88,8,1
100000,88,9,1
100000,88,10,1
100000,88,11,1
100000,88,16,1
100000,88,17,2
100000,88,20,1
100000,89,10,4
100000,90,9,1
100000,90,10,1
100000,90,11,2
100000,90,12,1
100000,91,6,1
100000,91,9,1
100000,91,10,1
100000,91,11,1
100000,91,14,2
100000,91,17,1
100000,92,8,1
100000,92,12,2
100000,92,14,1
100000,92,15,1
100000,93,8,1
100000,93,11,1
100000,93,12,1
100000,94,12,3
100000,94,13,1
100000,95,10,2
100000,95,14,1
100000,95,17,1
100000,96,10,2
100000,96,12,1
100000,97,9,1
100000,98,10,1
100000,98,12,1
100000,98,14,3
100000,98,20,1
100000,99,9,1
100000,99,11,1
100000,99,12,1
100000,100,10,1
100000,100,11,1
100000,100,12,1
100000,100,13,1
100000,100,15,1
100000,100,16,1
100000,100,21,1
100000,101,10,3
100000,101,15,1
100000,101,19,1
100000,102,7,1
100000,102,9,1
100000,102,11,1
100000,102,12,1
100000,102,16,2
100000,103,9,1
100000,103,12,1
100000,103,13,1
100000,103,20,1
100000,104,9,1
100000,104,12,2
100000,104,15,1
100000,105,9,1
100000,105,10,1
100000,106,10,1
100000,106,11,1
100000,106,12,1
100000,106,14,1
100000,106,16,2
100000,107,10,1
100000,107,12,1
100000,107,22,1
100000,108,12,1
100000,108,13,1
100000,109,11,1
100000,110,9,2
100000,110,11,2
100000,110,14,1
100000,111,10,1
100000,112,12,1
100000,113,8,1
100000,114,11,1
100000,115,16,1
100000,115,17,1
100000,115,21,1
100000,116,10,1
100000,116,12,1
100000,116,13,1
100000,117,18,1
100000,118,15,1
100000,119,9,1
100000,120,11,2
100000,120,12,1
100000,120,13,1
100000,120,17,1
100000,121,15,1
100000,122,8,1
100000,122,17,1
100000,123,19,1
100000,124,10,1
100000,124,17,1
100000,125,12,1
100000,126,14,1
100000,127,18,1
100000,127,19,1
100000,128,9,1
100000,129,14,1
100000,130,11,1
100000,130,13,1
100000,132,14,1
100000,133,13,1
100000,133,14,1
100000,133,15,1
100000,134,14,1
100000,136,15,1
100000,137,13,1
100000,138,13,1
100000,139,11,1
100000,142,13,1
100000,143,10,1
100000,144,14,1
100000,146,12,1
100000,147,12,1
100000,149,15,1
100000,150,16,1
100000,151,10,1
100000,151,13,2
100000,152,18,1
100000,153,16,1
100000,157,9,1
100000,157,14,1
100000,158,18,1
100000,160,13,1
100000,168,12,1
100000,183,14,1
100000,184,18,1
100000,248,20,1
300000,1,1,106143
300000,2,2,31908
300000,3,2,5512
300000,3,3,10403
300000,4,2,758
300000,4,3,5708
300000,4,4,3293
300000,5,2,89
300000,5,3,2434
300000,5,4,3109
300000,5,5,1086
300000,6,2,20
300000,6,3,1013
300000,6,4,2133
300000,6,5,1336
300000,6,6,304
300000,7,2,2
300000,7,3,380
300000,7,4,1383
300000,7,5,1270
300000,7,6,525
300000,7,7,91
300000,8,2,1
300000,8,3,149
300000,8,4,890
300000,8,5,1021
300000,8,6,622
300000,8,7,177
300000,8,8,19
300000,9,3,72
300000,9,4,548
300000,9,5,836
300000,9,6,619
300000,9,7,254
300000,9,8,56
300000,9,9,9
300000,10,2,1
300000,10,3,33
300000,10,4,293
300000,10,5,652
300000,10,6,555
300000,10,7,277
300000,10,8,109
300000,10,9,17
300000,10,10,1
300000,11,3,18
300000,11,4,184
300000,11,5,457
300000,11,6,510
300000,11,7,302
300000,11,8,115
300000,11,9,38
300000,11,10,6
300000,12,3,7
300000,12,4,103
300000,12,5,346
300000,12,6,363
300000,12,7,290
300000,12,8,139
300000,12,9,59
300000,12,10,15
300000,12,11,4
300000,13,3,7
300000,13,4,79
300000,13,5,269
300000,13,6,314
300000,13,7,256
300000,13,8,173
300000,13,9,48
300000,13,10,22
300000,13,11,8
300000,13,12,1
300000,14,3,2
300000,14,4,34
300000,14,5,178
300000,14,6,254
300000,14,7,245
300000,14,8,140
300000,14,9,73
300000,14,10,35
300000,14,11,9
300000,15,3,1
300000,15,4,32
300000,15,5,137
300000,15,6,206
300000,15,7,186
300000,15,8,143
300000,15,9,77
300000,15,10,24
300000,15,11,9
300000,15,12,7
300000,16,3,3
300000,16,4,13
300000,16,5,110
300000,16,6,188
300000,16,7,175
300000,16,8,126
300000,16,9,70
300000,16,10,35
300000,16,11,12
300000,16,12,4
300000,16,13,2
300000,16,14,1
300000,17,4,12
300000,17,5,68
300000,17,6,137
300000,17,7,177
300000,17,8,131
300000,17,9,66
300000,17,10,35
300000,17,11,18
300000,17,12,5
300000,17,13,2
300000,18,4,4
300000,18,5,46
300000,18,6,117
300000,18,7,143
300000,18,8,123
300000,18,9,83
300000,18,10,43
300000,18,11,14
300000,18,12,4
300000,18,13,2
300000,19,4,5
300000,19,5,32
300000,19,6,103
300000,19,7,124
300000,19,8,112
300000,19,9,72
300000,19,10,29
300000,19,11,19
300000,19,12,7
300000,19,13,3
300000,19,14,1
300000,20,3,1
300000,20,5,19
300000,20,6,68
300000,20,7,124
300000,20,8,95
300000,20,9,67
300000,20,10,37
300000,20,11,30
300000,20,12,11
300000,20,13,4
300000,20,14,1
300000,21,4,4
300000,21,5,19
300000,21,6,64
300000,21,7,92
300000,21,8,85
300000,21,9,62
300000,21,10,54
300000,21,11,24
300000,21,12,13
300000,21,13,9
300000,21,14,2
300000,21,15,2
300000,22,5,14
300000,22,6,64
300000,22,7,74
300000,22,8,79
300000,22,9,63
300000,22,10,47
300000,22,11,29
300000,22,12,8
300000,22,13,6
300000,22,14,3
300000,23,5,15
300000,23,6,46
300000,23,7,60
300000,23,8,74
300000,23,9,47
300000,23,10,37
300000,23,11,24
300000,23,12,6
300000,23,13,7
300000,23,14,5
300000,24,4,2
300000,24,5,14
300000,24,6,28
300000,24,7,65
300000,24,8,53
300000,24,9,33
300000,24,10,39
300000,24,11,21
300000,24,12,11
300000,24,13,4
300000,24,14,3
300000,24,15,2
300000,25,5,9
300000,25,6,27
300000,25,7,50
300000,25,8,58
300000,25,9,41
300000,25,10,42
300000,25,11,22
300000,25,12,9
300000,25,13,6
300000,25,14,2
300000,25,15,3
300000,26,5,5
300000,26,6,23
300000,26,7,38
300000,26,8,58
300000,26,9,36
300000,26,10,37
300000,26,11,16
300000,26,12,17
300000,26,13,5
300000,26,14,7
300000,26,15,2
300000,26,16,2
300000,27,6,16
300000,27,7,36
300000,27,8,41
300000,27,9,25
300000,27,10,27
300000,27,11,25
300000,27,12,5
300000,27,13,5
300000,27,14,1
300000,27,15,1
300000,27,17,1
300000,28,4,1
300000,28,5,3
300000,28,6,22
300000,28,7,35
300000,28,8,33
300000,28,9,33
300000,28,10,34
300000,28,11,28
300000,28,12,14
300000,28,13,6
300000,28,14,4
300000,28,16,1
300000,28,17,1
300000,29,5,1
300000,29,6,13
300000,29,7,24
300000,29,8,36
300000,29,9,36
300000,29,10,31
300000,29,11,19
300000,29,12,12
300000,29,13,5
300000,29,14,3
300000,29,15,2
300000,30,5,4
300000,30,6,11
300000,30,7,28
300000,30,8,34
300000,30,9,23
300000,30,10,19
300000,30,11,17
300000,30,12,9
300000,30,13,5
300000,30,14,1
300000,30,15,1
300000,30,16,3
300000,30,19,1
300000,31,5,1
300000,31,6,7
300000,31,7,34
300000,31,8,24
300000,31,9,32
300000,31,10,28
300000,31,11,22
300000,31,12,9
300000,31,13,6
300000,31,14,6
300000,31,15,2
300000,31,16,1
300000,32,5,3
300000,32,6,9
300000,32,7,14
300000,32,8,22
300000,32,9,28
300000,32,10,27
300000,32,11,16
300000,32,12,13
300000,32,13,5
300000,32,14,4
300000,32,15,2
300000,32,17,1
300000,33,6,7
300000,33,7,17
300000,33,8,20
300000,33,9,21
300000,33,10,19
300000,33,11,15
300000,33,12,9
300000,33,13,4
300000,33,14,1
300000,33,15,3
300000,33,16,1
300000,33,17,1
300000,34,5,1
300000,34,6,6
300000,34,7,21
300000,34,8,15
300000,34,9,20
300000,34,10,17
300000,34,11,13
300000,34,12,9
300000,34,13,5
300000,34,14,8
300000,34,15,4
300000,34,19,1
300000,35,5,1
300000,35,6,6
300000,35,7,10
300000,35,8,20
300000,35,9,19
300000,35,10,16
300000,35,11,16
300000,35,12,7
300000,35,13,8
300000,35,14,4
300000,35,15,1
300000,35,16,1
300000,35,17,2
300000,36,6,2
300000,36,7,10
300000,36,8,11
300000,36,9,26
300000,36,10,11
300000,36,11,18
300000,36,12,12
300000,36,13,5
300000,36,14,4
300000,36,15,4
300000,36,16,2
300000,36,17,1
300000,37,6,2
300000,37,7,10
300000,37,8,19
300000,37,9,13
300000,37,10,16
300000,37,11,12
300000,37,12,6
300000,37,13,3
300000,37,14,1
300000,37,15,3
300000,37,16,1
300000,37,18,1
300000,38,6,1
300000,38,7,8
300000,38,8,15
300000,38,9,10
300000,38,10,15
300000,38,11,8
300000,38,12,4
300000,38,13,6
300000,38,14,5
300000,38,15,3
300000,38,16,1
300000,38,17,1
300000,39,6,1
300000,39,7,8
300000,39,8,22
300000,39,9,16
300000,39,10,24
300000,39,11,4
300000,39,12,4
300000,39,13,7
300000,39,14,1
300000,39,15,2
300000,39,16,1
300000,39,17,1
300000,40,6,4
300000,40,7,9
300000,40,8,11
300000,40,9,11
300000,40,10,16
300000,40,11,6
300000,40,12,2
300000,40,13,6
300000,40,14,1
300000,40,15,3
300000,40,16,1
300000,40,17,1
300000,40,18,1
300000,41,6,2
300000,41,7,5
300000,41,8,9
300000,41,9,13
300000,41,10,7
300000,41,11,12
300000,41,12,8
300000,41,13,5
300000,41,14,1
300000,41,15,6
300000,41,17,1
300000,42,7,8
300000,42,8,9
300000,42,9,15
300000,42,10,12
300000,42,11,4
300000,42,12,4
300000,42,13,6
300000,42,15,2
300000,42,16,1
300000,42,17,1
300000,43,7,2
300000,43,8,6
300000,43,9,10
300000,43,10,9
300000,43,11,7
300000,43,12,5
300000,43,13,2
300000,43,14,5
300000,43,15,2
300000,43,16,1
300000,44,6,1
300000,44,7,4
300000,44,8,10
300000,44,9,12
300000,44,10,9
300000,44,11,5
300000,44,12,5
300000,44,13,2
300000,44,16,2
300000,44,24,1
300000,45,7,7
300000,45,8,7
300000,45,9,9
300000,45,10,12
300000,45,11,6
300000,45,12,4
300000,45,13,4
300000,45,14,6
300000,45,15,4
300000,45,19,1
300000,46,6,2
300000,46,7,8
300000,46,8,4
300000,46,9,10
300000,46,10,10
300000,46,11,15
300000,46,12,3
300000,46,13,3
300000,46,14,2
300000,46,15,4
300000,46,18,2
300000,46,20,1
300000,47,7,4
300000,47,8,3
300000,47,9,4
300000,47,10,6
300000,47,11,4
300000,47,12,2
300000,47,13,4
300000,47,15,2
300000,47,16,1
300000,47,17,1
300000,47,19,1
300000,48,6,2
300000,48,7,6
300000,48,8,7
300000,48,9,5
300000,48,10,7
300000,48,11,2
300000,48,12,2
300000,48,13,2
300000,48,14,5
300000,48,15,4
300000,48,16,4
300000,48,22,1
300000,49,7,3
300000,49,8,8
300000,49,9,4
300000,49,10,8
300000,49,11,4
300000,49,12,3
300000,49,14,1
300000,49,15,4
300000,49,16,2
300000,49,18,1
300000,50,7,2
300000,50,8,4
300000,50,9,3
300000,50,10,6
300000,50,11,6
300000,50,12,1
300000,50,13,7
300000,50,14,3
300000,50,15,1
300000,50,17,1
300000,50,20,1
300000,51,6,1
300000,51,7,4
300000,51,8,1
300000,51,9,7
300000,51,10,4
300000,51,11,2
300000,51,12,2
300000,51,13,3
300000,51,14,4
300000,51,15,3
300000,51,16,1
300000,52,7,2
300000,52,8,5
300000,52,9,7
300000,52,10,5
300000,52,11,4
300000,52,12,7
300000,52,13,7
300000,52,14,1
300000,52,16,1
300000,53,8,6
300000,53,9,7
300000,53,10,6
300000,53,11,4
300000,53,12,2
300000,53,13,5
300000,53,14,4
300000,54,7,3
300000,54,9,3
300000,54,10,3
300000,54,11,3
300000,54,12,6
300000,54,13,1
300000,54,15,2
300000,54,16,1
300000,54,17,2
300000,55,6,3
300000,55,7,3
300000,55,8,2
300000,55,9,4
300000,55,10,3
300000,55,11,6
300000,55,12,5
300000,55,13,1
300000,55,15,1
300000,55,19,2
300000,56,6,1
300000,56,7,1
300000,56,8,3
300000,56,9,5
300000,56,10,7
300000,56,11,6
300000,56,12,3
300000,56,13,3
300000,56,14,1
300000,56,16,1
300000,57,8,4
300000,57,9,8
300000,57,10,2
300000,57,11,1
300000,57,12,5
300000,57,13,3
300000,57,14,2
300000,57,15,1
300000,57,19,1
300000,57,20,1
300000,58,7,1
300000,58,8,2
300000,58,9,6
300000,58,10,9
300000,58,11,7
300000,58,12,1
300000,58,14,1
300000,58,15,1
300000,58,16,2
300000,59,6,1
300000,59,9,5
300000,59,10,5
300000,59,11,1
300000,59,12,1
300000,59,13,3
300000,59,14,4
300000,59,15,2
300000,59,18,1
300000,60,7,1
300000,60,9,1
300000,60,10,2
300000,60,11,3
300000,60,12,3
300000,60,14,1
300000,60,16,1
300000,60,17,2
300000,60,19,1
300000,61,6,1
300000,61,7,2
300000,61,8,1
300000,61,9,1
300000,61,10,2
300000,61,11,2
300000,61,12,3
300000,61,13,1
300000,61,15,1
300000,61,16,1
300000,61,18,1
300000,62,5,1
300000,62,7,1
300000,62,8,4
300000,62,9,2
300000,62,10,4
300000,62,11,1
300000,62,12,2
300000,62,13,1
300000,62,16,1
300000,62,17,1
300000,62,22,1
300000,63,6,1
300000,63,8,4
300000,63,9,1
300000,63,10,2
300000,63,11,3
300000,63,12,1
300000,63,13,2
300000,63,15,1
300000,63,19,1
300000,64,6,1
300000,64,7,1
300000,64,10,2
300000,64,12,1
300000,64,13,1
300000,64,14,2
300000,64,15,2
300000,64,16,1
300000,64,17,1
300000,64,19,1
300000,65,7,1
300000,65,8,2
300000,65,9,2
300000,65,11,2
300000,65,13,1
300000,65,14,3
300000,65,17,1
300000,65,19,1
300000,66,8,5
300000,66,9,3
300000,66,10,1
300000,66,11,4
300000,66,13,1
300000,66,14,3
300000,66,16,2
300000,66,18,1
300000,66,23,1
300000,67,7,1
300000,67,9,1
300000,67,10,7
300000,67,11,1
300000,67,12,1
300000,67,13,1
300000,67,14,3
300000,67,15,2
300000,67,17,1
300000,68,7,1
300000,68,9,5
300000,68,10,1
300000,68,11,1
300000,68,12,2
300000,68,13,2
300000,68,15,1
300000,69,7,1
300000,69,9,1
300000,69,11,1
300000,69,12,1
300000,69,13,3
300000,69,14,1
300000,70,8,2
300000,70,9,1
300000,70,10,2
300000,70,11,1
300000,70,12,3
300000,70,13,2
300000,71,8,1
300000,71,9,3
300000,71,10,3
300000,71,11,1
300000,71,14,2
300000,71,16,1
300000,72,9,1
300000,72,10,3
300000,72,11,1
300000,72,12,2
300000,72,13,2
300000,73,7,1
300000,73,8,2
300000,73,9,1
300000,73,10,1
300000,73,11,1
300000,73,13,1
300000,73,15,3
300000,73,20,1
300000,74,9,1
300000,74,11,3
300000,74,12,2
300000,74,15,1
300000,75,8,1
300000,75,9,2
300000,75,12,3
300000,75,14,1
300000,75,15,2
300000,75,16,1
300000,76,8,1
300000,76,9,2
300000,76,10,1
300000,76,11,2
300000,76,12,1
300000,76,13,1
300000,76,14,1
300000,77,7,1
300000,77,9,1
300000,77,10,1
300000,77,11,3
300000,77,13,2
300000,78,10,1
300000,78,11,2
300000,78,12,1
300000,79,9,1
300000,79,10,2
300000,79,11,1
300000,79,12,1
300000,79,13,1
300000,79,14,1
300000,79,18,1
300000,80,8,1
300000,80,9,1
300000,80,10,1
300000,80,14,2
300000,80,16,1
300000,81,8,1
300000,81,10,1
300000,81,13,3
300000,82,7,1
300000,82,8,2
300000,82,9,4
300000,82,10,1
300000,82,11,1
300000,82,12,1
300000,83,10,2
300000,83,11,1
300000,83,12,1
300000,83,18,1
300000,83,20,1
300000,84,8,1
300000,84,10,2
300000,84,11,1
300000,84,12,2
300000,84,13,1
300000,85,8,2
300000,85,9,1
300000,85,10,1
300000,85,11,1
300000,85,13,1
300000,85,14,1
300000,85,15,1
300000,85,16,1
300000,85,18,1
300000,85,21,1
300000,85,24,1
300000,86,7,1
300000,86,9,1
300000,86,10,2
300000,86,11,1
300000,86,14,2
300000,86,16,1
300000,86,20,1
300000,87,8,1
300000,87,9,1
300000,87,11,1
300000,87,12,2
300000,88,10,1
300000,88,12,2
300000,88,13,1
300000,89,7,1
300000,89,8,1
300000,89,11,3
300000,89,12,3
300000,89,16,1
300000,90,9,1
300000,90,11,1
300000,90,12,2
300000,90,16,2
300000,90,17,1
300000,91,8,1
300000,91,12,1
300000,91,17,1
300000,92,10,1
300000,92,11,1
300000,93,9,1
300000,94,8,1
300000,94,9,1
300000,94,10,1
300000,94,14,1
300000,95,10,3
300000,95,12,1
300000,96,9,1
300000,96,10,1
300000,96,11,1
300000,96,12,1
300000,96,13,3
300000,96,16,1
300000,97,9,1
300000,97,12,1
300000,98,11,1
300000,98,16,1
300000,99,8,1
300000,99,9,1
300000,99,11,1
300000,99,12,2
300000,99,14,1
300000,99,15,1
300000,100,9,2
300000,100,14,1
300000,101,12,1
300000,101,14,1
300000,101,15,1
300000,102,9,1
300000,102,12,1
300000,102,13,2
300000,102,16,1
300000,103,8,1
300000,103,10,2
300000,103,11,1
300000,103,19,1
300000,103,20,1
300000,104,10,1
300000,104,15,1
300000,105,9,1
300000,105,11,1
300000,105,15,1
300000,106,7,1
300000,106,9,1
300000,106,13,2
300000,107,9,1
300000,107,10,1
300000,107,11,1
300000,107,13,1
300000,107,14,1
300000,107,17,1
300000,108,11,2
300000,108,14,1
300000,109,7,1
300000,109,12,1
300000,109,13,1
300000,110,7,1
300000,110,8,1
300000,110,10,1
300000,110,11,1
300000,110,13,2
300000,110,15,1
300000,111,10,2
300000,111,12,1
300000,111,15,2
300000,112,20,1
300000,113,9,1
300000,113,14,1
300000,114,7,1
300000,114,13,1
300000,114,18,1
300000,115,15,1
300000,115,22,1
300000,116,11,1
300000,116,13,2
300000,116,14,2
300000,117,9,1
300000,117,10,1
300000,117,13,1
300000,117,18,1
300000,118,9,1
300000,118,13,1
300000,118,19,1
300000,119,8,1
300000,119,12,1
300000,121,16,1
300000,122,14,1
300000,123,12,1
300000,123,18,1
300000,124,9,1
300000,124,16,2
300000,125,9,1
300000,125,10,1
300000,128,9,2
300000,128,10,1
300000,128,12,2
300000,128,13,1
300000,129,12,1
300000,129,14,1
300000,129,15,1
300000,129,17,1
300000,132,14,1
300000,133,17,1
300000,133,20,1
300000,134,13,1
300000,134,18,1
300000,135,15,1
300000,137,12,2
300000,137,18,1
300000,137,20,1
300000,138,8,1
300000,138,9,1
300000,139,9,1
300000,139,18,1
300000,140,15,1
300000,141,17,1
300000,142,10,1
300000,143,16,1
300000,143,17,1
300000,144,11,1
300000,146,9,1
300000,146,13,1
300000,147,12,1
300000,149,10,1
300000,149,17,1
300000,150,10,1
300000,153,11,1
300000,153,14,1
300000,154,12,1
300000,156,13,1
300000,157,14,1
300000,158,16,1
300000,160,21,1
300000,162,10,1
300000,165,15,1
300000,165,21,1
300000,166,17,1
300000,169,17,1
300000,175,14,1
300000,180,13,1
300000,189,19,1
300000,191,10,1
300000,191,20,1
300000,193,12,1
300000,195,18,1
300000,197,11,1
300000,220,13,1
