d,beta,R0,R0_n,fresh,fresh_se,generation,sum_I_s,ratio_next
1,4.0,0.8,0.7970278718070773,0.7899499999999999,0.00476304262000667,0,20000.0,0.6001
1,4.0,0.8,0.7970278718070773,0.7899499999999999,0.00476304262000667,1,12002.0,0.6916347275454091
1,4.0,0.8,0.7970278718070773,0.7899499999999999,0.00476304262000667,2,8301.0,0.6143838091796169
1,4.0,0.8,0.7970278718070773,0.7899499999999999,0.00476304262000667,3,5100.0,0.5233333333333333
1,4.0,0.8,0.7970278718070773,0.7899499999999999,0.00476304262000667,4,2669.0,0.5088047958036718
1,4.0,0.8,0.7970278718070773,0.7899499999999999,0.00476304262000667,5,1358.0,0.4683357879234168
1,4.0,0.8,0.7970278718070773,0.7899499999999999,0.00476304262000667,6,636.0,0.37264150943396224
1,4.0,0.8,0.7970278718070773,0.7899499999999999,0.00476304262000667,7,237.0,0.33755274261603374
1,4.0,0.8,0.7970278718070773,0.7899499999999999,0.00476304262000667,8,80.0,0.3125
1,4.0,0.8,0.7970278718070773,0.7899499999999999,0.00476304262000667,9,25.0,0.16
1,4.0,0.8,0.7970278718070773,0.7899499999999999,0.00476304262000667,10,4.0,0.25
1,4.0,1.5,1.4850505280224942,1.48772,0.006975061290053293,0,20000.0,1.11475
1,4.0,1.5,1.4850505280224942,1.48772,0.006975061290053293,1,22295.0,1.0714509979816103
1,4.0,1.5,1.4850505280224942,1.48772,0.006975061290053293,2,23888.0,0.8177327528466175
1,4.0,1.5,1.4850505280224942,1.48772,0.006975061290053293,3,19534.0,0.6736971434422033
1,4.0,1.5,1.4850505280224942,1.48772,0.006975061290053293,4,13160.0,0.5797112462006079
1,4.0,1.5,1.4850505280224942,1.48772,0.006975061290053293,5,7629.0,0.5046532966312754
1,4.0,1.5,1.4850505280224942,1.48772,0.006975061290053293,6,3850.0,0.4566233766233766
1,4.0,1.5,1.4850505280224942,1.48772,0.006975061290053293,7,1758.0,0.41353811149032993
1,4.0,1.5,1.4850505280224942,1.48772,0.006975061290053293,8,727.0,0.44291609353507566
1,4.0,1.5,1.4850505280224942,1.48772,0.006975061290053293,9,322.0,0.3944099378881988
1,4.0,1.5,1.4850505280224942,1.48772,0.006975061290053293,10,127.0,0.4645669291338583
1,4.0,2.5,2.5008952587140802,2.48654,0.018554380075874274,0,20000.0,1.88335
1,4.0,2.5,2.5008952587140802,2.48654,0.018554380075874274,1,37667.0,1.3281121406005256
1,4.0,2.5,2.5008952587140802,2.48654,0.018554380075874274,2,50026.0,0.9736337104705554
1,4.0,2.5,2.5008952587140802,2.48654,0.018554380075874274,3,48707.0,0.7198349313240396
1,4.0,2.5,2.5008952587140802,2.48654,0.018554380075874274,4,35061.0,0.565642736944183
1,4.0,2.5,2.5008952587140802,2.48654,0.018554380075874274,5,19832.0,0.4736789027833804
1,4.0,2.5,2.5008952587140802,2.48654,0.018554380075874274,6,9394.0,0.41611667021503085
1,4.0,2.5,2.5008952587140802,2.48654,0.018554380075874274,7,3909.0,0.4272192376566897
1,4.0,2.5,2.5008952587140802,2.48654,0.018554380075874274,8,1670.0,0.4413173652694611
1,4.0,2.5,2.5008952587140802,2.48654,0.018554380075874274,9,737.0,0.378561736770692
1,4.0,2.5,2.5008952587140802,2.48654,0.018554380075874274,10,279.0,0.44086021505376344
2,4.0,0.8,0.8040651975041742,0.80543,0.008203953620054175,0,20000.0,0.59775
2,4.0,0.8,0.8040651975041742,0.80543,0.008203953620054175,1,11955.0,0.7618569636135508
2,4.0,0.8,0.8040651975041742,0.80543,0.008203953620054175,2,9108.0,0.7181598594642072
2,4.0,0.8,0.8040651975041742,0.80543,0.008203953620054175,3,6541.0,0.6694695000764409
2,4.0,0.8,0.8040651975041742,0.80543,0.008203953620054175,4,4379.0,0.6063028088604704
2,4.0,0.8,0.8040651975041742,0.80543,0.008203953620054175,5,2655.0,0.6086629001883239
2,4.0,0.8,0.8040651975041742,0.80543,0.008203953620054175,6,1616.0,0.5792079207920792
2,4.0,0.8,0.8040651975041742,0.80543,0.008203953620054175,7,936.0,0.5544871794871795
2,4.0,0.8,0.8040651975041742,0.80543,0.008203953620054175,8,519.0,0.43545279383429675
2,4.0,0.8,0.8040651975041742,0.80543,0.008203953620054175,9,226.0,0.5929203539823009
2,4.0,0.8,0.8040651975041742,0.80543,0.008203953620054175,10,134.0,0.582089552238806
2,4.0,1.5,1.5079875053180485,1.50442,0.012412686252379061,0,20000.0,1.12955
2,4.0,1.5,1.5079875053180485,1.50442,0.012412686252379061,1,22591.0,1.3276083396042673
2,4.0,1.5,1.5079875053180485,1.50442,0.012412686252379061,2,29992.0,1.1585756201653774
2,4.0,1.5,1.5079875053180485,1.50442,0.012412686252379061,3,34748.0,1.0391677218832738
2,4.0,1.5,1.5079875053180485,1.50442,0.012412686252379061,4,36109.0,0.9221800659115456
2,4.0,1.5,1.5079875053180485,1.50442,0.012412686252379061,5,33299.0,0.8572329499384366
2,4.0,1.5,1.5079875053180485,1.50442,0.012412686252379061,6,28545.0,0.8149938693291294
2,4.0,1.5,1.5079875053180485,1.50442,0.012412686252379061,7,23264.0,0.7932427785419532
2,4.0,1.5,1.5079875053180485,1.50442,0.012412686252379061,8,18454.0,0.7913189552400564
2,4.0,1.5,1.5079875053180485,1.50442,0.012412686252379061,9,14603.0,0.7830582756967747
2,4.0,1.5,1.5079875053180485,1.50442,0.012412686252379061,10,11435.0,0.8097944905990381
2,4.0,2.5,2.4815772268794363,2.46821,0.015803344424519757,0,20000.0,1.87675
2,4.0,2.5,2.4815772268794363,2.46821,0.015803344424519757,1,37535.0,1.9329692287198614
2,4.0,2.5,2.4815772268794363,2.46821,0.015803344424519757,2,72554.0,1.5008821016070788
2,4.0,2.5,2.4815772268794363,2.46821,0.015803344424519757,3,108895.0,1.2282106616465402
2,4.0,2.5,2.4815772268794363,2.46821,0.015803344424519757,4,133746.0,1.0974982429381066
2,4.0,2.5,2.4815772268794363,2.46821,0.015803344424519757,5,146786.0,1.0075279658823049
2,4.0,2.5,2.4815772268794363,2.46821,0.015803344424519757,6,147891.0,0.9716074676619944
2,4.0,2.5,2.4815772268794363,2.46821,0.015803344424519757,7,143692.0,0.9480416446287894
2,4.0,2.5,2.4815772268794363,2.46821,0.015803344424519757,8,136226.0,0.9500976318764406
2,4.0,2.5,2.4815772268794363,2.46821,0.015803344424519757,9,129428.0,0.9439765738480081
2,4.0,2.5,2.4815772268794363,2.46821,0.015803344424519757,10,122177.0,0.940234250308978
3,4.0,0.8,0.804458241653873,0.80227,0.012216458365663919,0,20000.0,0.6042
3,4.0,0.8,0.804458241653873,0.80227,0.012216458365663919,1,12084.0,0.7823568354849387
3,4.0,0.8,0.804458241653873,0.80227,0.012216458365663919,2,9454.0,0.7740638883012482
3,4.0,0.8,0.804458241653873,0.80227,0.012216458365663919,3,7318.0,0.7861437551243509
3,4.0,0.8,0.804458241653873,0.80227,0.012216458365663919,4,5753.0,0.7543890144272554
3,4.0,0.8,0.804458241653873,0.80227,0.012216458365663919,5,4340.0,0.7179723502304147
3,4.0,0.8,0.804458241653873,0.80227,0.012216458365663919,6,3116.0,0.67201540436457
3,4.0,0.8,0.804458241653873,0.80227,0.012216458365663919,7,2094.0,0.7196752626552053
3,4.0,0.8,0.804458241653873,0.80227,0.012216458365663919,8,1507.0,0.747843397478434
3,4.0,0.8,0.804458241653873,0.80227,0.012216458365663919,9,1127.0,0.6841171251109139
3,4.0,0.8,0.804458241653873,0.80227,0.012216458365663919,10,771.0,0.6614785992217899
3,4.0,1.5,1.5007591247406091,1.5,0.009713351635764046,0,20000.0,1.12135
3,4.0,1.5,1.5007591247406091,1.5,0.009713351635764046,1,22427.0,1.4425915191510232
3,4.0,1.5,1.5007591247406091,1.5,0.009713351635764046,2,32353.0,1.359008438166476
3,4.0,1.5,1.5007591247406091,1.5,0.009713351635764046,3,43968.0,1.2804084788937409
3,4.0,1.5,1.5007591247406091,1.5,0.009713351635764046,4,56297.0,1.2108105227632022
3,4.0,1.5,1.5007591247406091,1.5,0.009713351635764046,5,68165.0,1.148169881904203
3,4.0,1.5,1.5007591247406091,1.5,0.009713351635764046,6,78265.0,1.1205008624544817
3,4.0,1.5,1.5007591247406091,1.5,0.009713351635764046,7,87696.0,1.0942460317460319
3,4.0,1.5,1.5007591247406091,1.5,0.009713351635764046,8,95961.0,1.0775210762705683
3,4.0,1.5,1.5007591247406091,1.5,0.009713351635764046,9,103400.0,1.070870406189555
3,4.0,1.5,1.5007591247406091,1.5,0.009713351635764046,10,110728.0,1.0502041037497292
3,4.0,2.5,2.530071469652504,2.5257899999999998,0.015306609520073344,0,20000.0,1.8767
3,4.0,2.5,2.530071469652504,2.5257899999999998,0.015306609520073344,1,37534.0,2.3146746949432515
3,4.0,2.5,2.530071469652504,2.5257899999999998,0.015306609520073344,2,86879.0,2.068969486297034
3,4.0,2.5,2.530071469652504,2.5257899999999998,0.015306609520073344,3,179750.0,1.7868484005563283
3,4.0,2.5,2.530071469652504,2.5257899999999998,0.015306609520073344,4,321186.0,1.6017914853075788
3,4.0,2.5,2.530071469652504,2.5257899999999998,0.015306609520073344,5,514473.0,1.4826453477636339
3,4.0,2.5,2.530071469652504,2.5257899999999998,0.015306609520073344,6,762781.0,1.415807420478486
3,4.0,2.5,2.530071469652504,2.5257899999999998,0.015306609520073344,7,1079951.0,1.3602348625076508
3,4.0,2.5,2.530071469652504,2.5257899999999998,0.015306609520073344,8,1468987.0,1.3282466080366946
3,4.0,2.5,2.530071469652504,2.5257899999999998,0.015306609520073344,9,1951177.0,1.3016379344364966
3,4.0,2.5,2.530071469652504,2.5257899999999998,0.015306609520073344,10,2539726.0,1.2802825974140517
