part,d,R0,n,a,P_size_gt_a,ref
A,1,0.5,100000,1,0.30316,2.9227518581195606
A,1,0.5,100000,2,0.13902,1.4613759290597803
A,1,0.5,100000,3,0.07413,0.9742506193731868
A,1,0.5,100000,4,0.04383,0.7306879645298902
A,1,0.5,100000,5,0.02775,0.584550371623912
A,1,0.5,100000,6,0.01846,0.4871253096865934
A,1,0.5,100000,7,0.01246,0.4175359797313658
A,1,0.5,100000,8,0.0086,0.3653439822649451
A,1,0.5,100000,10,0.00474,0.292275185811956
A,1,0.5,100000,12,0.00286,0.2435626548432967
A,1,0.5,100000,14,0.00172,0.2087679898656829
A,1,0.5,100000,17,0.00087,0.1719265798893859
A,1,0.5,100000,20,0.00049,0.146137592905978
A,1,0.5,100000,24,0.00021,0.12178132742164835
A,1,0.5,100000,29,0.00011,0.10078454683170898
A,1,0.5,100000,35,3e-05,0.08350719594627316
A,1,0.5,100000,41,1e-05,0.07128663068584293
A,1,0.5,100000,49,0.0,0.05964799710448082
A,1,0.5,100000,59,0.0,0.04953816708677221
A,1,0.5,100000,70,0.0,0.04175359797313658
A,1,0.5,100000,84,0.0,0.03479466497761381
A,1,0.5,100000,100,0.0,0.029227518581195603
A,1,0.5,100000,119,0.0,0.024560939984197987
A,1,0.5,100000,143,0.0,0.020438824182654268
A,1,0.5,100000,170,0.0,0.01719265798893859
A,1,0.5,100000,203,0.0,0.014397792404529854
A,1,0.5,100000,242,0.0,0.012077487017022976
A,1,0.5,100000,289,0.0,0.010113328228787405
A,1,0.5,100000,346,0.0,0.008447259705547862
A,1,0.5,100000,412,0.0,0.007094057908057186
A,1,0.5,100000,492,0.0,0.0059405525571535785
A,1,0.5,100000,588,0.0,0.004970666425373402
A,1,0.5,100000,702,0.0,0.0041634641853555
A,1,0.5,100000,838,0.0,0.003487770713746492
A,1,0.5,100000,1000,0.0,0.0029227518581195606
A,1,0.7,100000,1,0.39135,5.029014545725978
A,1,0.7,100000,2,0.22041,2.514507272862989
A,1,0.7,100000,3,0.14211,1.6763381819086596
A,1,0.7,100000,4,0.09683,1.2572536364314946
A,1,0.7,100000,5,0.06801,1.0058029091451957
A,1,0.7,100000,6,0.04976,0.8381690909543298
A,1,0.7,100000,7,0.03733,0.7184306493894255
A,1,0.7,100000,8,0.02871,0.6286268182157473
A,1,0.7,100000,10,0.01808,0.5029014545725978
A,1,0.7,100000,12,0.01186,0.4190845454771649
A,1,0.7,100000,14,0.00832,0.35921532469471273
A,1,0.7,100000,17,0.00535,0.29582438504270464
A,1,0.7,100000,20,0.00376,0.2514507272862989
A,1,0.7,100000,24,0.00251,0.20954227273858245
A,1,0.7,100000,29,0.00148,0.17341429468020617
A,1,0.7,100000,35,0.00089,0.1436861298778851
A,1,0.7,100000,41,0.00059,0.1226588913591702
A,1,0.7,100000,49,0.00025,0.10263294991277506
A,1,0.7,100000,59,9e-05,0.08523753467332168
A,1,0.7,100000,70,3e-05,0.07184306493894255
A,1,0.7,100000,84,1e-05,0.05986922078245213
A,1,0.7,100000,100,0.0,0.050290145457259794
A,1,0.7,100000,119,0.0,0.042260626434672086
A,1,0.7,100000,143,0.0,0.03516793388619566
A,1,0.7,100000,170,0.0,0.029582438504270458
A,1,0.7,100000,203,0.0,0.024773470668600882
A,1,0.7,100000,242,0.0,0.02078105184184289
A,1,0.7,100000,289,0.0,0.017401434414276745
A,1,0.7,100000,346,0.0,0.014534724120595314
A,1,0.7,100000,412,0.0,0.012206345984771794
A,1,0.7,100000,492,0.0,0.010221574279930852
A,1,0.7,100000,588,0.0,0.00855274582606459
A,1,0.7,100000,702,0.0,0.00716383838422504
A,1,0.7,100000,838,0.0,0.006001210675090667
A,1,0.7,100000,1000,0.0,0.005029014545725978
A,1,0.9,100000,1,0.46968,12.82454306629137
A,1,0.9,100000,2,0.29928,6.412271533145685
A,1,0.9,100000,3,0.21102,4.27484768876379
A,1,0.9,100000,4,0.15743,3.2061357665728427
A,1,0.9,100000,5,0.11983,2.564908613258274
A,1,0.9,100000,6,0.09378,2.137423844381895
A,1,0.9,100000,7,0.07428,1.8320775808987673
A,1,0.9,100000,8,0.05933,1.6030678832864214
A,1,0.9,100000,10,0.03947,1.282454306629137
A,1,0.9,100000,12,0.02781,1.0687119221909476
A,1,0.9,100000,14,0.02043,0.9160387904493836
A,1,0.9,100000,17,0.01341,0.7543848862524335
A,1,0.9,100000,20,0.00926,0.6412271533145685
A,1,0.9,100000,24,0.00616,0.5343559610954738
A,1,0.9,100000,29,0.00386,0.4422256229755645
A,1,0.9,100000,35,0.0019,0.36641551617975343
A,1,0.9,100000,41,0.00105,0.3127937333241798
A,1,0.9,100000,49,0.00051,0.2617253686998239
A,1,0.9,100000,59,0.0002,0.2173651367168029
A,1,0.9,100000,70,4e-05,0.18320775808987672
A,1,0.9,100000,84,0.0,0.15267313174156394
A,1,0.9,100000,100,0.0,0.12824543066291372
A,1,0.9,100000,119,0.0,0.10776926946463337
A,1,0.9,100000,143,0.0,0.08968211934469492
A,1,0.9,100000,170,0.0,0.07543848862524336
A,1,0.9,100000,203,0.0,0.06317508899650921
A,1,0.9,100000,242,0.0,0.05299397961277425
A,1,0.9,100000,289,0.0,0.04437558154426079
A,1,0.9,100000,346,0.0,0.03706515337078431
A,1,0.9,100000,412,0.0,0.031127531714299442
A,1,0.9,100000,492,0.0,0.02606614444368165
A,1,0.9,100000,588,0.0,0.02181044739165199
A,1,0.9,100000,702,0.0,0.018268579866511925
A,1,0.9,100000,838,0.0,0.015303750675765358
A,1,0.9,100000,1000,0.0,0.01282454306629137
A,2,0.5,100000,1,0.30351,3.029454685052671
A,2,0.5,100000,2,0.14389,1.5147273425263355
A,2,0.5,100000,3,0.08114,1.0098182283508903
A,2,0.5,100000,4,0.05135,0.7573636712631677
A,2,0.5,100000,5,0.03373,0.6058909370105342
A,2,0.5,100000,6,0.02307,0.5049091141754452
A,2,0.5,100000,7,0.01665,0.4327792407218102
A,2,0.5,100000,8,0.01196,0.37868183563158386
A,2,0.5,100000,10,0.00702,0.3029454685052671
A,2,0.5,100000,12,0.0045,0.2524545570877226
A,2,0.5,100000,14,0.00305,0.2163896203609051
A,2,0.5,100000,17,0.00177,0.17820321676780415
A,2,0.5,100000,20,0.0012,0.15147273425263355
A,2,0.5,100000,24,0.0008,0.1262272785438613
A,2,0.5,100000,29,0.00048,0.10446395465698866
A,2,0.5,100000,35,0.00022,0.08655584814436203
A,2,0.5,100000,41,0.00014,0.07388913865982125
A,2,0.5,100000,49,4e-05,0.061825605817401444
A,2,0.5,100000,59,3e-05,0.051346689577163915
A,2,0.5,100000,70,1e-05,0.043277924072181014
A,2,0.5,100000,84,0.0,0.036064936726817515
A,2,0.5,100000,100,0.0,0.03029454685052671
A,2,0.5,100000,119,0.0,0.025457602395400594
A,2,0.5,100000,143,0.0,0.021184997797571124
A,2,0.5,100000,170,0.0,0.017820321676780417
A,2,0.5,100000,203,0.0,0.014923422093855521
A,2,0.5,100000,242,0.0,0.012518407789473846
A,2,0.5,100000,289,0.0,0.01048254216281201
A,2,0.5,100000,346,0.0,0.008755649378764944
A,2,0.5,100000,412,0.0,0.00735304535206959
A,2,0.5,100000,492,0.0,0.00615742822165177
A,2,0.5,100000,588,0.0,0.005152133818116788
A,2,0.5,100000,702,0.0,0.004315462514320044
A,2,0.5,100000,838,0.0,0.003615101056148772
A,2,0.5,100000,1000,0.0,0.003029454685052671
A,2,0.7,100000,1,0.39298,5.398254347001218
A,2,0.7,100000,2,0.22766,2.699127173500609
A,2,0.7,100000,3,0.15043,1.7994181156670725
A,2,0.7,100000,4,0.10791,1.3495635867503044
A,2,0.7,100000,5,0.08108,1.0796508694002436
A,2,0.7,100000,6,0.0634,0.8997090578335363
A,2,0.7,100000,7,0.05055,0.7711791924287454
A,2,0.7,100000,8,0.04032,0.6747817933751522
A,2,0.7,100000,10,0.02763,0.5398254347001218
A,2,0.7,100000,12,0.02036,0.44985452891676814
A,2,0.7,100000,14,0.01528,0.3855895962143727
A,2,0.7,100000,17,0.0106,0.3175443733530129
A,2,0.7,100000,20,0.00752,0.2699127173500609
A,2,0.7,100000,24,0.00523,0.22492726445838407
A,2,0.7,100000,29,0.00357,0.18614670162073166
A,2,0.7,100000,35,0.00257,0.1542358384857491
A,2,0.7,100000,41,0.00189,0.13166474017076144
A,2,0.7,100000,49,0.00155,0.11016845606124935
A,2,0.7,100000,59,0.00127,0.09149583638985115
A,2,0.7,100000,70,0.00102,0.07711791924287455
A,2,0.7,100000,84,0.00071,0.06426493270239546
A,2,0.7,100000,100,0.00044,0.05398254347001218
A,2,0.7,100000,119,0.00023,0.045363481907573264
A,2,0.7,100000,143,8e-05,0.03775003039860991
A,2,0.7,100000,170,2e-05,0.03175443733530128
A,2,0.7,100000,203,1e-05,0.02659238594581881
A,2,0.7,100000,242,0.0,0.022306836144633132
A,2,0.7,100000,289,0.0,0.01867908078547134
A,2,0.7,100000,346,0.0,0.015601891176304098
A,2,0.7,100000,412,0.0,0.013102559094663152
A,2,0.7,100000,492,0.0,0.010972061680896787
A,2,0.7,100000,588,0.0,0.00918070467177078
A,2,0.7,100000,702,0.0,0.0076898210071242425
A,2,0.7,100000,838,0.0,0.006441830963008614
A,2,0.7,100000,1000,0.0,0.0053982543470012185
A,2,0.9,100000,1,0.46892,12.27143732812358
A,2,0.9,100000,2,0.30841,6.13571866406179
A,2,0.9,100000,3,0.22966,4.0904791093745265
A,2,0.9,100000,4,0.18067,3.067859332030895
A,2,0.9,100000,5,0.1475,2.454287465624716
A,2,0.9,100000,6,0.12255,2.0452395546872633
A,2,0.9,100000,7,0.10412,1.7530624754462256
A,2,0.9,100000,8,0.08902,1.5339296660154476
A,2,0.9,100000,10,0.06792,1.227143732812358
A,2,0.9,100000,12,0.05269,1.0226197773436316
A,2,0.9,100000,14,0.04251,0.8765312377231128
A,2,0.9,100000,17,0.03132,0.7218492545955048
A,2,0.9,100000,20,0.02371,0.613571866406179
A,2,0.9,100000,24,0.0165,0.5113098886718158
A,2,0.9,100000,29,0.01141,0.42315301131460625
A,2,0.9,100000,35,0.0074,0.35061249508924514
A,2,0.9,100000,41,0.00511,0.2993033494664288
A,2,0.9,100000,49,0.00328,0.25043749649231795
A,2,0.9,100000,59,0.00202,0.20799046318853526
A,2,0.9,100000,70,0.00109,0.17530624754462257
A,2,0.9,100000,84,0.0005,0.14608853962051882
A,2,0.9,100000,100,0.0002,0.12271437328123581
A,2,0.9,100000,119,5e-05,0.1031213220850721
A,2,0.9,100000,143,2e-05,0.08581424704981526
A,2,0.9,100000,170,0.0,0.07218492545955048
A,2,0.9,100000,203,0.0,0.06045043018780089
A,2,0.9,100000,242,0.0,0.05070841871125446
A,2,0.9,100000,289,0.0,0.0424617208585591
A,2,0.9,100000,346,0.0,0.035466581873189545
A,2,0.9,100000,412,0.0,0.02978504205855238
A,2,0.9,100000,492,0.0,0.024941945788869064
A,2,0.9,100000,588,0.0,0.02086979137435983
A,2,0.9,100000,702,0.0,0.017480679954591995
A,2,0.9,100000,838,0.0,0.014643719961961312
A,2,0.9,100000,1000,0.0,0.01227143732812358
A,3,0.5,100000,1,0.30059,2.9861929631270816
A,3,0.5,100000,2,0.14332,1.4930964815635408
A,3,0.5,100000,3,0.08221,0.9953976543756939
A,3,0.5,100000,4,0.0523,0.7465482407817704
A,3,0.5,100000,5,0.03523,0.5972385926254163
A,3,0.5,100000,6,0.02442,0.49769882718784697
A,3,0.5,100000,7,0.01779,0.42659899473244023
A,3,0.5,100000,8,0.01349,0.3732741203908852
A,3,0.5,100000,10,0.008,0.29861929631270817
A,3,0.5,100000,12,0.00514,0.24884941359392349
A,3,0.5,100000,14,0.00315,0.21329949736622011
A,3,0.5,100000,17,0.00158,0.17565840959571072
A,3,0.5,100000,20,0.0011,0.14930964815635409
A,3,0.5,100000,24,0.00058,0.12442470679696174
A,3,0.5,100000,29,0.00024,0.10297217114231316
A,3,0.5,100000,35,9e-05,0.08531979894648804
A,3,0.5,100000,41,6e-05,0.07283397471041662
A,3,0.5,100000,49,1e-05,0.06094271353320575
A,3,0.5,100000,59,0.0,0.050613440053001384
A,3,0.5,100000,70,0.0,0.04265989947324402
A,3,0.5,100000,84,0.0,0.03554991622770336
A,3,0.5,100000,100,0.0,0.02986192963127082
A,3,0.5,100000,119,0.0,0.025094058513672957
A,3,0.5,100000,143,0.0,0.020882468273615954
A,3,0.5,100000,170,0.0,0.017565840959571068
A,3,0.5,100000,203,0.0,0.014710310163187593
A,3,0.5,100000,242,0.0,0.012339640343500336
A,3,0.5,100000,289,0.0,0.0103328476232771
A,3,0.5,100000,346,0.0,0.008630615500367287
A,3,0.5,100000,412,0.0,0.007248041172638548
A,3,0.5,100000,492,0.0,0.006069497892534719
A,3,0.5,100000,588,0.0,0.005078559461100479
A,3,0.5,100000,702,0.0,0.0042538361298106574
A,3,0.5,100000,838,0.0,0.0035634760896504558
A,3,0.5,100000,1000,0.0,0.0029861929631270815
A,3,0.7,100000,1,0.38907,5.365106907579763
A,3,0.7,100000,2,0.226,2.6825534537898816
A,3,0.7,100000,3,0.15324,1.7883689691932545
A,3,0.7,100000,4,0.11259,1.3412767268949408
A,3,0.7,100000,5,0.08693,1.0730213815159526
A,3,0.7,100000,6,0.06953,0.8941844845966272
A,3,0.7,100000,7,0.05697,0.7664438439399663
A,3,0.7,100000,8,0.04762,0.6706383634474704
A,3,0.7,100000,10,0.0347,0.5365106907579763
A,3,0.7,100000,12,0.02628,0.4470922422983136
A,3,0.7,100000,14,0.02051,0.38322192196998317
A,3,0.7,100000,17,0.01488,0.3155945239752802
A,3,0.7,100000,20,0.01122,0.26825534537898815
A,3,0.7,100000,24,0.00819,0.2235461211491568
A,3,0.7,100000,29,0.00592,0.18500368646826768
A,3,0.7,100000,35,0.00421,0.15328876878799325
A,3,0.7,100000,41,0.00311,0.13085626603853082
A,3,0.7,100000,49,0.00219,0.10949197770570947
A,3,0.7,100000,59,0.00168,0.09093401538270784
A,3,0.7,100000,70,0.00137,0.07664438439399662
A,3,0.7,100000,84,0.00112,0.06387032032833052
A,3,0.7,100000,100,0.00087,0.053651069075797635
A,3,0.7,100000,119,0.00051,0.0450849319964686
A,3,0.7,100000,143,0.00028,0.03751823012293541
A,3,0.7,100000,170,0.00016,0.03155945239752802
A,3,0.7,100000,203,3e-05,0.026429098066895387
A,3,0.7,100000,242,1e-05,0.02216986325446183
A,3,0.7,100000,289,0.0,0.018564383763251775
A,3,0.7,100000,346,0.0,0.015506089328265214
A,3,0.7,100000,412,0.0,0.013022104144611076
A,3,0.7,100000,492,0.0,0.010904688836544236
A,3,0.7,100000,588,0.0,0.009124331475475788
A,3,0.7,100000,702,0.0,0.007642602432449806
A,3,0.7,100000,838,0.0,0.006402275546037904
A,3,0.7,100000,1000,0.0,0.0053651069075797645
A,3,0.9,100000,1,0.46807,12.795716728647406
A,3,0.9,100000,2,0.31189,6.397858364323703
A,3,0.9,100000,3,0.23628,4.265238909549135
A,3,0.9,100000,4,0.19043,3.1989291821618515
A,3,0.9,100000,5,0.15939,2.559143345729481
A,3,0.9,100000,6,0.13768,2.1326194547745674
A,3,0.9,100000,7,0.12029,1.8279595326639153
A,3,0.9,100000,8,0.10718,1.5994645910809258
A,3,0.9,100000,10,0.08685,1.2795716728647406
A,3,0.9,100000,12,0.07298,1.0663097273872837
A,3,0.9,100000,14,0.06215,0.9139797663319577
A,3,0.9,100000,17,0.05031,0.7526892193322003
A,3,0.9,100000,20,0.04193,0.6397858364323703
A,3,0.9,100000,24,0.03326,0.5331548636936418
A,3,0.9,100000,29,0.02576,0.44123161133266914
A,3,0.9,100000,35,0.01986,0.36559190653278306
A,3,0.9,100000,41,0.01544,0.31209065191822943
A,3,0.9,100000,49,0.01178,0.26113707609484504
A,3,0.9,100000,59,0.00837,0.2168765547228374
A,3,0.9,100000,70,0.00583,0.18279595326639153
A,3,0.9,100000,84,0.0038,0.15232996105532626
A,3,0.9,100000,100,0.00243,0.12795716728647408
A,3,0.9,100000,119,0.00145,0.10752703133317149
A,3,0.9,100000,143,0.00074,0.08948053656396787
A,3,0.9,100000,170,0.00041,0.07526892193322003
A,3,0.9,100000,203,0.00013,0.06303308733323845
A,3,0.9,100000,242,4e-05,0.052874862515071924
A,3,0.9,100000,289,1e-05,0.04427583643130591
A,3,0.9,100000,346,1e-05,0.03698184025620638
A,3,0.9,100000,412,0.0,0.031057564875357782
A,3,0.9,100000,492,0.0,0.02600755432651912
A,3,0.9,100000,588,0.0,0.021761423007903753
A,3,0.9,100000,702,0.0,0.01822751670747494
A,3,0.9,100000,838,0.0,0.015269351704829839
A,3,0.9,100000,1000,0.0,0.012795716728647405
B,2,0.9,1000,1,0.4726,9.581382195018211
B,2,0.9,1000,2,0.31311,4.7906910975091055
B,2,0.9,1000,3,0.230805,3.19379406500607
B,2,0.9,1000,4,0.18158,2.3953455487545527
B,2,0.9,1000,5,0.14841,1.916276439003642
B,2,0.9,1000,6,0.122995,1.596897032503035
B,2,0.9,1000,7,0.10386,1.3687688850026014
B,2,0.9,1000,8,0.088765,1.1976727743772764
B,2,0.9,1000,10,0.066175,0.958138219501821
B,2,0.9,1000,12,0.04983,0.7984485162515175
B,2,0.9,1000,14,0.03883,0.6843844425013007
B,2,0.9,1000,17,0.02702,0.5636107173540124
B,2,0.9,1000,20,0.018625,0.4790691097509105
B,2,0.9,1000,24,0.01137,0.39922425812575874
B,2,0.9,1000,29,0.006195,0.33039248948338656
B,2,0.9,1000,35,0.002815,0.2737537770005203
B,2,0.9,1000,41,0.001295,0.23369224865898072
B,2,0.9,1000,49,0.00041,0.19553841214322878
B,2,0.9,1000,59,8.5e-05,0.16239630839013916
B,2,0.9,1000,70,1.5e-05,0.13687688850026014
B,2,0.9,1000,84,0.0,0.11406407375021678
B,2,0.9,1000,100,0.0,0.0958138219501821
B,2,0.9,1000,119,0.0,0.0805158167648589
B,2,0.9,1000,143,0.0,0.06700267269243504
B,2,0.9,1000,170,0.0,0.05636107173540123
B,2,0.9,1000,203,0.0,0.04719892706905522
B,2,0.9,1000,242,0.0,0.039592488409166154
B,2,0.9,1000,289,0.0,0.03315357160905955
B,2,0.9,1000,346,0.0,0.02769185605496593
B,2,0.9,1000,412,0.0,0.02325578202674323
B,2,0.9,1000,492,0.0,0.019474354054915058
B,2,0.9,1000,588,0.0,0.016294867678602398
B,2,0.9,1000,702,0.0,0.013648692585496025
B,2,0.9,1000,838,0.0,0.011433630304317674
B,2,0.9,1000,1000,0.0,0.00958138219501821
B,2,0.9,3000,1,0.472345,10.110355373073356
B,2,0.9,3000,2,0.31217,5.055177686536678
B,2,0.9,3000,3,0.231505,3.370118457691119
B,2,0.9,3000,4,0.18221,2.527588843268339
B,2,0.9,3000,5,0.1488,2.0220710746146713
B,2,0.9,3000,6,0.12468,1.6850592288455595
B,2,0.9,3000,7,0.10545,1.4443364818676225
B,2,0.9,3000,8,0.08996,1.2637944216341694
B,2,0.9,3000,10,0.06763,1.0110355373073356
B,2,0.9,3000,12,0.052245,0.8425296144227797
B,2,0.9,3000,14,0.041075,0.7221682409338113
B,2,0.9,3000,17,0.02885,0.5947267866513739
B,2,0.9,3000,20,0.020675,0.5055177686536678
B,2,0.9,3000,24,0.01345,0.42126480721138987
B,2,0.9,3000,29,0.007895,0.3486329438990813
B,2,0.9,3000,35,0.004175,0.2888672963735245
B,2,0.9,3000,41,0.00213,0.24659403348959408
B,2,0.9,3000,49,0.000925,0.20633378312394607
B,2,0.9,3000,59,0.00036,0.1713619554758196
B,2,0.9,3000,70,0.000165,0.14443364818676224
B,2,0.9,3000,84,4.5e-05,0.12036137348896853
B,2,0.9,3000,100,1e-05,0.10110355373073357
B,2,0.9,3000,119,0.0,0.08496096952162484
B,2,0.9,3000,143,0.0,0.0707017858256878
B,2,0.9,3000,170,0.0,0.05947267866513739
B,2,0.9,3000,203,0.0,0.04980470627129732
B,2,0.9,3000,242,0.0,0.04177832798790643
B,2,0.9,3000,289,0.0,0.034983928626551405
B,2,0.9,3000,346,0.0,0.029220680268998142
B,2,0.9,3000,412,0.0,0.0245396975074596
B,2,0.9,3000,492,0.0,0.020549502790799506
B,2,0.9,3000,588,0.0,0.017194481926995502
B,2,0.9,3000,702,0.0,0.014402215631158627
B,2,0.9,3000,838,0.0,0.012064863213691357
B,2,0.9,3000,1000,0.0,0.010110355373073357
B,2,0.9,10000,1,0.46924,17.08688335612359
B,2,0.9,10000,2,0.30987,8.543441678061795
B,2,0.9,10000,3,0.23111,5.69562778537453
B,2,0.9,10000,4,0.18313,4.271720839030897
B,2,0.9,10000,5,0.15121,3.4173766712247176
B,2,0.9,10000,6,0.127375,2.847813892687265
B,2,0.9,10000,7,0.10934,2.440983336589084
B,2,0.9,10000,8,0.095375,2.1358604195154487
B,2,0.9,10000,10,0.074775,1.7086883356123588
B,2,0.9,10000,12,0.060635,1.4239069463436325
B,2,0.9,10000,14,0.05007,1.220491668294542
B,2,0.9,10000,17,0.038125,1.0051107856543287
B,2,0.9,10000,20,0.030325,0.8543441678061794
B,2,0.9,10000,24,0.02274,0.7119534731718162
B,2,0.9,10000,29,0.016265,0.5892028743490891
B,2,0.9,10000,35,0.011105,0.4881966673178168
B,2,0.9,10000,41,0.007875,0.4167532525883802
B,2,0.9,10000,49,0.004915,0.348711905227012
B,2,0.9,10000,59,0.00274,0.28960819247667097
B,2,0.9,10000,70,0.00138,0.2440983336589084
B,2,0.9,10000,84,0.000605,0.20341527804909032
B,2,0.9,10000,100,0.000255,0.1708688335612359
B,2,0.9,10000,119,9.5e-05,0.14358725509347553
B,2,0.9,10000,143,1.5e-05,0.11948869479806704
B,2,0.9,10000,170,0.0,0.10051107856543287
B,2,0.9,10000,203,0.0,0.08417183919272703
B,2,0.9,10000,242,0.0,0.07060695601703962
B,2,0.9,10000,289,0.0,0.05912416386201933
B,2,0.9,10000,346,0.0,0.04938405594255372
B,2,0.9,10000,412,0.0,0.041473017854668906
B,2,0.9,10000,492,0.0,0.03472943771569835
B,2,0.9,10000,588,0.0,0.029059325435584336
B,2,0.9,10000,702,0.0,0.024340289681087732
B,2,0.9,10000,838,0.0,0.020390075603966096
B,2,0.9,10000,1000,0.0,0.01708688335612359
B,2,0.9,30000,1,0.46882,16.880959937869793
B,2,0.9,30000,2,0.30913,8.440479968934897
B,2,0.9,30000,3,0.23067,5.626986645956599
B,2,0.9,30000,4,0.18229,4.220239984467448
B,2,0.9,30000,5,0.15012,3.376191987573959
B,2,0.9,30000,6,0.126015,2.8134933229782995
B,2,0.9,30000,7,0.10791,2.411565705409971
B,2,0.9,30000,8,0.09365,2.110119992233724
B,2,0.9,30000,10,0.07249,1.6880959937869795
B,2,0.9,30000,12,0.057915,1.4067466614891497
B,2,0.9,30000,14,0.04752,1.2057828527049854
B,2,0.9,30000,17,0.035795,0.9929976434041057
B,2,0.9,30000,20,0.02808,0.8440479968934897
B,2,0.9,30000,24,0.020895,0.7033733307445749
B,2,0.9,30000,29,0.015165,0.5821020668230964
B,2,0.9,30000,35,0.010715,0.4823131410819942
B,2,0.9,30000,41,0.00778,0.4117307301919462
B,2,0.9,30000,49,0.00536,0.34450938648713864
B,2,0.9,30000,59,0.003345,0.2861179650486406
B,2,0.9,30000,70,0.002085,0.2411565705409971
B,2,0.9,30000,84,0.0011,0.20096380878416423
B,2,0.9,30000,100,0.000545,0.16880959937869797
B,2,0.9,30000,119,0.000235,0.14185680620058652
B,2,0.9,30000,143,6.5e-05,0.11804867089419437
B,2,0.9,30000,170,1.5e-05,0.09929976434041057
B,2,0.9,30000,203,0.0,0.0831574381175852
B,2,0.9,30000,242,0.0,0.06975603280111486
B,2,0.9,30000,289,0.0,0.05841162608259445
B,2,0.9,30000,346,0.0,0.04878890155453698
B,2,0.9,30000,412,0.0,0.040973203732693676
B,2,0.9,30000,492,0.0,0.034310894182662185
B,2,0.9,30000,588,0.0,0.02870911554059489
B,2,0.9,30000,702,0.0,0.024046951478447
B,2,0.9,30000,838,0.0,0.020144343601276607
B,2,0.9,30000,1000,0.0,0.016880959937869797
B,2,0.9,100000,1,0.46705,14.450115517421155
B,2,0.9,100000,2,0.306935,7.2250577587105775
B,2,0.9,100000,3,0.22785,4.816705172473719
B,2,0.9,100000,4,0.179745,3.6125288793552888
B,2,0.9,100000,5,0.146995,2.890023103484231
B,2,0.9,100000,6,0.12328,2.4083525862368593
B,2,0.9,100000,7,0.10528,2.064302216774451
B,2,0.9,100000,8,0.091175,1.8062644396776444
B,2,0.9,100000,10,0.070755,1.4450115517421156
B,2,0.9,100000,12,0.056575,1.2041762931184297
B,2,0.9,100000,14,0.04571,1.0321511083872255
B,2,0.9,100000,17,0.03408,0.850006795142421
B,2,0.9,100000,20,0.026335,0.7225057758710578
B,2,0.9,100000,24,0.01925,0.6020881465592148
B,2,0.9,100000,29,0.013585,0.49827984542831566
B,2,0.9,100000,35,0.009415,0.41286044335489014
B,2,0.9,100000,41,0.00656,0.35244184188832084
B,2,0.9,100000,49,0.004245,0.2949003166820644
B,2,0.9,100000,59,0.00262,0.2449172121596806
B,2,0.9,100000,70,0.00164,0.20643022167744507
B,2,0.9,100000,84,0.000895,0.1720251847312042
B,2,0.9,100000,100,0.000495,0.14450115517421153
B,2,0.9,100000,119,0.00024,0.12142954216320298
B,2,0.9,100000,143,9e-05,0.101049758863085
B,2,0.9,100000,170,1.5e-05,0.08500067951424208
B,2,0.9,100000,203,5e-06,0.07118283506118796
B,2,0.9,100000,242,5e-06,0.05971122114636841
B,2,0.9,100000,289,0.0,0.050000399714260055
B,2,0.9,100000,346,0.0,0.041763339645725886
B,2,0.9,100000,412,0.0,0.035073095916070766
B,2,0.9,100000,492,0.0,0.029370153490693406
B,2,0.9,100000,588,0.0,0.024575026390172033
B,2,0.9,100000,702,0.0,0.020584210138776572
B,2,0.9,100000,838,0.0,0.01724357460312787
B,2,0.9,100000,1000,0.0,0.014450115517421154
B,2,0.9,300000,1,0.469285,14.127087798957987
B,2,0.9,300000,2,0.309745,7.063543899478994
B,2,0.9,300000,3,0.23017,4.709029266319329
B,2,0.9,300000,4,0.181375,3.531771949739497
B,2,0.9,300000,5,0.147785,2.8254175597915974
B,2,0.9,300000,6,0.123755,2.3545146331596647
B,2,0.9,300000,7,0.1055,2.018155399851141
B,2,0.9,300000,8,0.091105,1.7658859748697484
B,2,0.9,300000,10,0.069445,1.4127087798957987
B,2,0.9,300000,12,0.054665,1.1772573165798323
B,2,0.9,300000,14,0.04393,1.0090776999255704
B,2,0.9,300000,17,0.03287,0.8310051646445875
B,2,0.9,300000,20,0.025155,0.7063543899478993
B,2,0.9,300000,24,0.01809,0.5886286582899162
B,2,0.9,300000,29,0.012615,0.4871409585847582
B,2,0.9,300000,35,0.00851,0.4036310799702282
B,2,0.9,300000,41,0.006,0.3445631170477558
B,2,0.9,300000,49,0.003985,0.28830791426444874
B,2,0.9,300000,59,0.002455,0.23944216608403368
B,2,0.9,300000,70,0.00164,0.2018155399851141
B,2,0.9,300000,84,0.001085,0.1681796166542618
B,2,0.9,300000,100,0.000675,0.1412708779895799
B,2,0.9,300000,119,0.00033,0.11871502352065536
B,2,0.9,300000,143,0.00014,0.09879082376893698
B,2,0.9,300000,170,4.5e-05,0.08310051646445875
B,2,0.9,300000,203,5e-06,0.06959156551210832
B,2,0.9,300000,242,0.0,0.058376395863462764
B,2,0.9,300000,289,0.0,0.04888265674379926
B,2,0.9,300000,346,0.0,0.04082973352299996
B,2,0.9,300000,412,0.0,0.03428904805572327
B,2,0.9,300000,492,0.0,0.028713593087312986
B,2,0.9,300000,588,0.0,0.024025659522037397
B,2,0.9,300000,702,0.0,0.020124056693672347
B,2,0.9,300000,838,0.0,0.016858099998756548
B,2,0.9,300000,1000,0.0,0.014127087798957988
