part,d,R0,n,R0_n,runs,graphs,P_T_finite,P_T_finite_se,ref_T,mean_size,q99_size,q999_size,max_size,mean_ext,q99_ext,q999_ext,max_ext,s_logn,P_alive_logn,ref_alive_logn,max_r_uv
A,1,0.5,100000,0.48816080647364163,100000,50,0.0,0.0,0.009242569964882881,1.65604,8.0,17.0,43,1.48582,5.0,7.0,11,12,0.0,0.00027395572283337203,0.01160340796198095
A,1,0.7,100000,0.7011263073396836,100000,50,0.0,0.0,0.015903231197269458,2.18885,13.0,34.0,92,1.74781,6.0,9.0,12,12,0.0,0.02120927069093879,0.01314213646525963
A,1,0.9,100000,0.8830529346331094,100000,50,0.0,0.0,0.040554803377411616,2.84164,20.0,42.0,75,2.02514,7.0,10.0,15,12,0.00015,0.33718798137933786,0.008022137582981655
A,2,0.5,100000,0.5039190590706222,100000,50,0.0,0.0,0.009579989051500324,1.71953,9.0,22.0,75,1.51322,5.0,8.0,13,12,1e-05,0.00040294559807559137,0.1695185707096507
A,2,0.7,100000,0.7222048638345107,100000,50,0.00035000000000000005,8.237544710479139e-05,0.017070831984165882,2.46076,18.0,71.00100000000384,227,1.83031,8.0,11.0,22,12,0.00039,0.03019276508708555,0.22425051037896673
A,2,0.9,100000,0.8778110236048206,100000,50,3e-05,1.6963345838625593e-05,0.03880597574305816,3.50524,31.0,72.0,166,2.24213,10.0,14.0,25,12,0.00277,0.31386278614524943,0.11108866645164496
A,3,0.5,100000,0.4966859933038732,100000,50,0.0,0.0,0.009443180112503244,1.72238,10.0,21.0,59,1.51843,6.0,8.0,18,12,4e-05,0.0003387972210564169,0.24437972148352577
A,3,0.7,100000,0.7203117552394672,100000,50,0.0006200000000000001,8.025469660107508e-05,0.016965962793264087,2.64344,22.0,91.00100000000384,244,1.87907,9.0,14.0,20,12,0.0019,0.02927511584054787,0.34067377347120564
A,3,0.9,100000,0.883213850451142,100000,50,0.00077,9.281317640446164e-05,0.040463636304343534,4.49545,54.0,132.00100000000384,373,2.45648,13.0,21.0,34,12,0.01307,0.3367025526690993,0.24361384770306677
B,2,0.9,1000,0.8428449006008042,200000,100,0.03229,0.0009503635667947869,0.3030054670649859,3.288445,26.0,43.0,73,2.23484,10.0,13.0,21,7,0.02875,0.45497788439712056,0.25414966835670894
B,2,0.9,3000,0.8516268369413057,200000,100,0.010669999999999999,0.0004673814871659494,0.1846078937958086,3.36309,27.0,49.0,113,2.24422,10.0,14.0,27,9,0.01127,0.3534807962888738,0.18623305224258255
B,2,0.9,10000,0.9120466808081541,200000,100,0.0068000000000000005,0.00031034356979504397,0.17086917263281368,3.74902,37.0,76.0,152,2.27858,10.0,15.0,24,10,0.009395,0.5985297747801854,0.1751744009943043
B,2,0.9,30000,0.9110213748499146,200000,100,0.001925,0.0001303404632630879,0.0974629379173828,3.72809,37.0,87.0,185,2.27201,10.0,15.0,28,11,0.005915,0.5388862025682798,0.17586020381530196
B,2,0.9,100000,0.8963045525249946,200000,100,0.00015,3.295236844080538e-05,0.045695299852618644,3.626175,34.0,82.00099999998929,248,2.253035,10.0,15.0,24,12,0.00313,0.4028081385158879,0.12167306443668403
B,2,0.9,300000,0.8937971310055468,200000,100,5e-06,5e-06,0.025792435679540343,3.604935,33.0,86.0,220,2.25315,10.0,15.0,24,13,0.00195,0.3485742688382305,0.10390333005062584
