d,beta,n,R0_max_tested,R0_at_5pct,R0_at_50pct,R0_at_peak_small_size
1,4.0,10000,3.3333333333333335,nan,nan,nan
1,4.0,30000,3.3333333333333335,nan,nan,nan
1,4.0,100000,3.3333333333333335,nan,nan,nan
1,4.0,300000,3.3333333333333335,nan,nan,nan
2,3.5,10000,8.0,1.6182006920415224,3.396551724137933,3.000000000000001
2,3.5,100000,8.0,2.3775000000000004,3.8173608903020684,3.147058823529412
2,4.0,10000,6.666666666666667,1.64418105550678,2.9100000000000006,2.8000000000000003
2,4.0,30000,6.666666666666667,2.0643382352941178,3.2385185185185192,2.6
2,4.0,100000,6.666666666666667,2.643222506393862,3.4801358451877493,3.3000000000000007
2,4.0,300000,6.666666666666667,3.026960784313726,3.6431818181818194,3.401960784313726
2,5.0,10000,5.0,1.843507214206437,2.8926829268292686,3.1000000000000005
2,5.0,100000,5.0,2.842463235294118,3.5346938775510215,3.2000000000000006
3,4.0,10000,8.0,1.1767441860465118,1.9761363636363645,1.3823529411764706
3,4.0,30000,8.0,1.2924050632911395,2.01303475935829,1.5000000000000004
3,4.0,100000,8.0,1.3908235294117648,1.972043010752689,1.3823529411764706
3,4.0,300000,8.0,1.430476190476191,1.9522727272727283,1.4000000000000004
