d,beta,n,tau,R0,R0_n,P_large,P_large_se,mean_small_size
1,4.0,10000,0.125,0.5,0.48975279767605556,0.0,0.0,1.597
1,4.0,10000,0.16666666666666669,0.6666666666666667,0.8867138865508093,0.0015,0.0014999999999999998,2.1071607411116675
1,4.0,10000,0.20833333333333334,0.8333333333333334,0.8189182889303716,0.0,0.0,2.6685
1,4.0,10000,0.25,1.0,0.9894855179029305,0.0,0.0,3.4115
1,4.0,10000,0.2916666666666667,1.1666666666666667,1.1258996366446168,0.0,0.0,3.685
1,4.0,10000,0.33333333333333337,1.3333333333333335,1.30771422717002,0.0005,0.0005,4.621810905452726
1,4.0,10000,0.375,1.5,1.4929582247287578,0.0025,0.0025,5.114285714285714
1,4.0,10000,0.4166666666666667,1.6666666666666667,1.6292726782077058,0.0005,0.0005,6.192096048024012
1,4.0,10000,0.45833333333333337,1.8333333333333335,1.8501085383538929,0.004,0.0022677868380553633,7.085843373493976
1,4.0,10000,0.5,2.0,1.992695324906121,0.0055,0.002382975331087468,7.382604323780795
1,4.0,10000,0.5416666666666667,2.166666666666667,2.140900841640315,0.011,0.0035254179083580185,8.014661274014156
1,4.0,10000,0.5833333333333334,2.3333333333333335,2.453943133083861,0.013,0.005277986629117475,9.136778115501519
1,4.0,10000,0.625,2.5,2.4771494249579145,0.01,0.003207134902949092,9.088888888888889
1,4.0,10000,0.6666666666666667,2.666666666666667,2.6063850856522253,0.0075,0.00255650430973904,10.163727959697733
1,4.0,10000,0.7083333333333334,2.8333333333333335,2.964279786573453,0.018,0.0066332495807108,10.409368635437882
1,4.0,10000,0.7500000000000001,3.0000000000000004,2.8888581917279414,0.0065,0.0029215944766025083,10.718671363865123
1,4.0,10000,0.7916666666666667,3.166666666666667,3.3158208125539206,0.0275,0.007108847606026893,12.122879177377891
1,4.0,10000,0.8333333333333334,3.3333333333333335,3.278748432579958,0.01,0.004070801956792859,12.76010101010101
1,4.0,30000,0.125,0.5,0.4907376310536943,0.0,0.0,1.665
1,4.0,30000,0.16666666666666669,0.6666666666666667,0.6563044964566006,0.0,0.0,2.0665
1,4.0,30000,0.20833333333333334,0.8333333333333334,0.8379363260683028,0.0,0.0,2.5905
1,4.0,30000,0.25,1.0,0.9856987820293546,0.0,0.0,3.2465
1,4.0,30000,0.2916666666666667,1.1666666666666667,1.1709426519880246,0.0,0.0,3.9885
1,4.0,30000,0.33333333333333337,1.3333333333333335,1.3206174655144265,0.0,0.0,4.694
1,4.0,30000,0.375,1.5,1.4788207364417332,0.0,0.0,5.6725
1,4.0,30000,0.4166666666666667,1.6666666666666667,1.676600594100973,0.0,0.0,7.272
1,4.0,30000,0.45833333333333337,1.8333333333333335,1.8307504020769483,0.0,0.0,7.725
1,4.0,30000,0.5,2.0,1.9779102890570424,0.0005,0.0005,8.482741370685343
1,4.0,30000,0.5416666666666667,2.166666666666667,2.2471537613099124,0.0025,0.0025,9.348370927318296
1,4.0,30000,0.5833333333333334,2.3333333333333335,2.324675235628888,0.001,0.001,9.335335335335335
1,4.0,30000,0.625,2.5,2.4729767738912374,0.0,0.0,11.1365
1,4.0,30000,0.6666666666666667,2.666666666666667,2.674012558258728,0.0,0.0,12.007
1,4.0,30000,0.7083333333333334,2.8333333333333335,2.8579963404061495,0.0005,0.0005,12.530265132566283
1,4.0,30000,0.7500000000000001,3.0000000000000004,2.9345030186033947,0.0,0.0,12.1285
1,4.0,30000,0.7916666666666667,3.166666666666667,3.098611944541495,0.001,0.001,13.607607607607608
1,4.0,30000,0.8333333333333334,3.3333333333333335,3.2648925735516334,0.001,0.001,13.956956956956956
1,4.0,100000,0.125,0.5,0.5041695989274482,0.0,0.0,1.6825
1,4.0,100000,0.16666666666666669,0.6666666666666667,0.6591128408319968,0.0,0.0,2.1405
1,4.0,100000,0.20833333333333334,0.8333333333333334,0.8438333103586644,0.0,0.0,2.7725
1,4.0,100000,0.25,1.0,0.9936606223313879,0.0,0.0,3.469
1,4.0,100000,0.2916666666666667,1.1666666666666667,1.1617498538114341,0.0,0.0,4.176
1,4.0,100000,0.33333333333333337,1.3333333333333335,1.3301949545777656,0.0,0.0,4.837
1,4.0,100000,0.375,1.5,1.5134494670145293,0.0,0.0,6.5735
1,4.0,100000,0.4166666666666667,1.6666666666666667,1.6770813001112268,0.0,0.0,7.558
1,4.0,100000,0.45833333333333337,1.8333333333333335,1.8053340930784254,0.0,0.0,8.0655
1,4.0,100000,0.5,2.0,2.0137576194190596,0.0,0.0,8.2205
1,4.0,100000,0.5416666666666667,2.166666666666667,2.1502956448634176,0.0,0.0,9.6225
1,4.0,100000,0.5833333333333334,2.3333333333333335,2.356357577355973,0.0,0.0,11.5335
1,4.0,100000,0.625,2.5,2.5657437654137762,0.0,0.0,12.3755
1,4.0,100000,0.6666666666666667,2.666666666666667,2.625168274969119,0.0,0.0,11.838
1,4.0,100000,0.7083333333333334,2.8333333333333335,2.7849843660021474,0.0,0.0,12.6025
1,4.0,100000,0.7500000000000001,3.0000000000000004,3.067933680423394,0.002,0.002,13.149298597194388
1,4.0,100000,0.7916666666666667,3.166666666666667,3.2276361764575894,0.002,0.002,14.748997995991983
1,4.0,100000,0.8333333333333334,3.3333333333333335,3.2959633399898896,0.0,0.0,13.971
1,4.0,300000,0.125,0.5,0.49744414175608165,0.0,0.0,1.6875
1,4.0,300000,0.16666666666666669,0.6666666666666667,0.6658338722035908,0.0,0.0,2.2335
1,4.0,300000,0.20833333333333334,0.8333333333333334,0.8309790501965936,0.0,0.0,2.648
1,4.0,300000,0.25,1.0,0.9975819545825308,0.0,0.0,3.4415
1,4.0,300000,0.2916666666666667,1.1666666666666667,1.1591702282216931,0.0,0.0,4.073
1,4.0,300000,0.33333333333333337,1.3333333333333335,1.3345161118706659,0.0,0.0,5.1285
1,4.0,300000,0.375,1.5,1.491293103605717,0.0,0.0,5.4195
1,4.0,300000,0.4166666666666667,1.6666666666666667,1.6487120428819226,0.0,0.0,6.1385
1,4.0,300000,0.45833333333333337,1.8333333333333335,1.8250361664733559,0.0,0.0,7.77
1,4.0,300000,0.5,2.0,1.9925043096969937,0.0,0.0,8.661
1,4.0,300000,0.5416666666666667,2.166666666666667,2.169513638682143,0.0,0.0,9.944
1,4.0,300000,0.5833333333333334,2.3333333333333335,2.3228968910580656,0.0,0.0,10.376
1,4.0,300000,0.625,2.5,2.4901042092983268,0.0,0.0,11.349
1,4.0,300000,0.6666666666666667,2.666666666666667,2.666056848891574,0.0,0.0,12.1505
1,4.0,300000,0.7083333333333334,2.8333333333333335,2.8245302814950426,0.0,0.0,12.913
1,4.0,300000,0.7500000000000001,3.0000000000000004,3.02097548243887,0.0,0.0,14.961
1,4.0,300000,0.7916666666666667,3.166666666666667,3.229210158646107,0.0,0.0,16.9555
1,4.0,300000,0.8333333333333334,3.3333333333333335,3.282165059996686,0.0,0.0,16.067
2,3.5,10000,0.041666666666666664,0.5,0.4363547596036595,0.0,0.0,1.465
2,3.5,10000,0.0784313725490196,0.9411764705882353,0.851109961624195,0.001,0.0006546536707079772,2.9394394394394396
2,3.5,10000,0.11519607843137254,1.3823529411764706,1.2606145293548514,0.026,0.0087831006565368,5.360369609856263
2,3.5,10000,0.15196078431372548,1.8235294117647056,1.7635398397327555,0.065,0.00940364670904705,9.448128342245989
2,3.5,10000,0.18872549019607843,2.264705882352941,2.583196557864673,0.205,0.021761696362449054,10.542767295597484
2,3.5,10000,0.22549019607843138,2.7058823529411766,2.6468527926766408,0.3275,0.01702833772610485,12.528624535315986
2,3.5,10000,0.2622549019607843,3.147058823529412,3.7942589698901195,0.4245,0.015333203933201398,13.4874022589053
2,3.5,10000,0.29901960784313725,3.5882352941176467,5.989759526128152,0.5615,0.011586630226256459,10.283922462941847
2,3.5,10000,0.33578431372549017,4.029411764705882,3.810040828883127,0.6295,0.015873382932263858,11.117408906882591
2,3.5,10000,0.37254901960784315,4.470588235294118,4.061756315326251,0.705,0.01099999999999999,8.152542372881356
2,3.5,10000,0.4093137254901961,4.911764705882353,4.586714839692542,0.748,0.007250615737399732,8.918650793650794
2,3.5,10000,0.446078431372549,5.352941176470588,4.997932116770311,0.802,0.006718843437888478,8.419191919191919
2,3.5,10000,0.48284313725490197,5.794117647058823,5.291403578468351,0.844,0.004598136268408884,6.330128205128205
2,3.5,10000,0.5196078431372549,6.23529411764706,20.28174110535275,0.8695,0.006587325492402605,5.10727969348659
2,3.5,10000,0.5563725490196078,6.6764705882352935,5.954900589599106,0.9055,0.006587325492402605,5.703703703703703
2,3.5,10000,0.5931372549019608,7.117647058823529,6.4427814624685755,0.917,0.006491753010000998,6.518072289156627
2,3.5,10000,0.6299019607843137,7.5588235294117645,8.82219954200276,0.9375,0.006366766391639802,4.392
2,3.5,10000,0.6666666666666666,8.0,7.092154767917977,0.945,0.00398210281850466,3.9545454545454546
2,3.5,100000,0.041666666666666664,0.5,0.4751586322075637,0.0,0.0,1.566
2,3.5,100000,0.0784313725490196,0.9411764705882353,0.9231067373424856,0.0,0.0,3.4685
2,3.5,100000,0.11519607843137254,1.3823529411764706,1.3453632793414914,0.0,0.0,13.015
2,3.5,100000,0.15196078431372548,1.8235294117647056,1.689554584139057,0.0065,0.002259898859936625,27.43432310015098
2,3.5,100000,0.18872549019607843,2.264705882352941,2.204639575487013,0.0325,0.00905341293183326,62.891989664082686
2,3.5,100000,0.22549019607843138,2.7058823529411766,2.6131753920538454,0.103,0.01302195947511082,100.23355629877369
2,3.5,100000,0.2622549019607843,3.147058823529412,3.027462940097868,0.2555,0.008829738711552324,120.41370047011416
2,3.5,100000,0.29901960784313725,3.5882352941176467,3.4398974626470045,0.433,0.009281317640446167,92.52292768959435
2,3.5,100000,0.33578431372549017,4.029411764705882,3.9281624218491134,0.5855,0.02015564437074637,73.11218335343787
2,3.5,100000,0.37254901960784315,4.470588235294118,4.117984877962535,0.68,0.01211846289168485,45.115625
2,3.5,100000,0.4093137254901961,4.911764705882353,4.815731683912839,0.7295,0.006630556968632861,27.482439926062845
2,3.5,100000,0.446078431372549,5.352941176470588,5.06688289913297,0.8015,0.006966757803003787,12.21662468513854
2,3.5,100000,0.48284313725490197,5.794117647058823,5.709388422377535,0.8275,0.007346038777074726,10.234782608695653
2,3.5,100000,0.5196078431372549,6.23529411764706,5.920603182032179,0.87,0.008035634920242996,8.86923076923077
2,3.5,100000,0.5563725490196078,6.6764705882352935,6.228971342358397,0.8855,0.009649204260307843,10.550218340611353
2,3.5,100000,0.5931372549019608,7.117647058823529,6.6989998103406805,0.912,0.006141195788629913,5.244318181818182
2,3.5,100000,0.6299019607843137,7.5588235294117645,7.759049494722346,0.9205,0.006207714095036452,5.09433962264151
2,3.5,100000,0.6666666666666666,8.0,7.492103048619132,0.944,0.004070801956792845,5.241071428571429
2,4.0,10000,0.0625,0.5,0.5214752713246076,0.0,0.0,1.7535
2,4.0,10000,0.10784313725490197,0.8627450980392157,0.8657164566481308,0.001,0.0006546536707079772,3.38988988988989
2,4.0,10000,0.15318627450980393,1.2254901960784315,1.1982831476655562,0.0035,0.001592392629257711,7.495735072754641
2,4.0,10000,0.1985294117647059,1.5882352941176472,1.5855330714889875,0.0345,0.009163202808750099,11.689798032107717
2,4.0,10000,0.24387254901960786,1.950980392156863,1.9163871420582983,0.135,0.011631238725334213,15.16242774566474
2,4.0,10000,0.28921568627450983,2.3137254901960786,2.3344991739601033,0.262,0.014322808982279178,19.84552845528455
2,4.0,10000,0.3345588235294118,2.6764705882352944,2.725943203332359,0.423,0.013726928696127601,19.555459272097053
2,4.0,10000,0.37990196078431376,3.03921568627451,3.014668573434796,0.5475,0.013425721582097547,15.898342541436465
2,4.0,10000,0.42524509803921573,3.401960784313726,3.3230149915727196,0.6505,0.016369614708791575,16.992846924177396
2,4.0,10000,0.4705882352941177,3.7647058823529416,3.7520708573247017,0.7435,0.015107944929738132,17.756335282651072
2,4.0,10000,0.5159313725490197,4.127450980392157,3.9726513660040856,0.7915,0.007307041613598292,14.350119904076738
2,4.0,10000,0.5612745098039216,4.490196078431373,4.668754015105542,0.8455,0.009854295655050282,12.258899676375405
2,4.0,10000,0.6066176470588236,4.852941176470589,4.707674757368242,0.8525,0.006389164935375251,10.986440677966101
2,4.0,10000,0.6519607843137256,5.215686274509805,5.119539362496328,0.9035,0.011425222723680892,11.088082901554404
2,4.0,10000,0.6973039215686275,5.57843137254902,5.553151878121174,0.9295,0.004656025282209203,10.659574468085106
2,4.0,10000,0.7426470588235294,5.9411764705882355,5.765208621237154,0.939,0.006708203932499356,7.024590163934426
2,4.0,10000,0.7879901960784315,6.303921568627452,6.25822283378215,0.9535,0.005602932905439525,7.580645161290323
2,4.0,10000,0.8333333333333334,6.666666666666667,6.590722651209546,0.957,0.005331845030434717,5.941860465116279
2,4.0,30000,0.0625,0.5,0.5053200452930204,0.0,0.0,1.664
2,4.0,30000,0.10784313725490197,0.8627450980392157,0.8688415993907506,0.0,0.0,3.228
2,4.0,30000,0.15318627450980393,1.2254901960784315,1.2016234264698584,0.0,0.0,7.756
2,4.0,30000,0.1985294117647059,1.5882352941176472,1.5670576965561804,0.001,0.0006546536707079772,16.42892892892893
2,4.0,30000,0.24387254901960786,1.950980392156863,1.9975925744143406,0.03,0.008280786712108251,31.770103092783504
2,4.0,30000,0.28921568627450983,2.3137254901960786,2.3007020077039204,0.094,0.0062792174216674025,45.27814569536424
2,4.0,30000,0.3345588235294118,2.6764705882352944,2.6517245888784995,0.2315,0.0107553973161651,55.000650618087185
2,4.0,30000,0.37990196078431376,3.03921568627451,3.5018251530258317,0.409,0.011129112402035611,54.77157360406091
2,4.0,30000,0.42524509803921573,3.401960784313726,3.4181836748465644,0.5585,0.01598101552289018,47.5039637599094
2,4.0,30000,0.4705882352941177,3.7647058823529416,3.789089176053751,0.6965,0.0094849504856001,40.14497528830313
2,4.0,30000,0.5159313725490197,4.127450980392157,4.1697555803812625,0.7785,0.010335445252693693,27.155756207674944
2,4.0,30000,0.5612745098039216,4.490196078431373,4.407807238755947,0.8365,0.00895823643358445,22.75840978593272
2,4.0,30000,0.6066176470588236,4.852941176470589,4.792191876330281,0.862,0.007708992893275459,14.351449275362318
2,4.0,30000,0.6519607843137256,5.215686274509805,5.368433181209696,0.901,0.0034434202266268457,14.580808080808081
2,4.0,30000,0.6973039215686275,5.57843137254902,5.544349655280829,0.933,0.0062678317052800745,9.58955223880597
2,4.0,30000,0.7426470588235294,5.9411764705882355,5.818243453525591,0.947,0.003093772546815383,11.70754716981132
2,4.0,30000,0.7879901960784315,6.303921568627452,6.227413131581036,0.9485,0.004101393491415876,7.844660194174757
2,4.0,30000,0.8333333333333334,6.666666666666667,6.605051989074756,0.9585,0.003458942860800932,4.855421686746988
2,4.0,100000,0.0625,0.5,0.5171601137054886,0.0,0.0,1.6855
2,4.0,100000,0.10784313725490197,0.8627450980392157,0.8560686516352145,0.0,0.0,3.2315
2,4.0,100000,0.15318627450980393,1.2254901960784315,1.2145648546986065,0.0,0.0,8.602
2,4.0,100000,0.1985294117647059,1.5882352941176472,1.564818142226061,0.0,0.0,18.724
2,4.0,100000,0.24387254901960786,1.950980392156863,1.9567734990218155,0.0005,0.0005,42.548774387193596
2,4.0,100000,0.28921568627450983,2.3137254901960786,2.301990577808146,0.0085,0.00277102353446726,87.03832576903682
2,4.0,100000,0.3345588235294118,2.6764705882352944,2.8531612198586003,0.06,0.0068033605141660895,142.62340425531914
2,4.0,100000,0.37990196078431376,3.03921568627451,3.0314420167361034,0.241,0.01338976154700726,186.5177865612648
2,4.0,100000,0.42524509803921573,3.401960784313726,3.426932872075784,0.439,0.01982422760159901,150.02852049910874
2,4.0,100000,0.4705882352941177,3.7647058823529416,3.7296189343483244,0.626,0.011263087625386867,118.53342245989305
2,4.0,100000,0.5159313725490197,4.127450980392157,4.082640094273696,0.743,0.007280109889280523,60.43385214007782
2,4.0,100000,0.5612745098039216,4.490196078431373,4.489035934389068,0.82,0.007634508123364215,41.483333333333334
2,4.0,100000,0.6066176470588236,4.852941176470589,4.795497974686303,0.8735,0.005852349955359817,25.434782608695652
2,4.0,100000,0.6519607843137256,5.215686274509805,5.156860495808444,0.891,0.007473763634016194,20.912844036697248
2,4.0,100000,0.6973039215686275,5.57843137254902,5.52401327206346,0.9265,0.004468141192295259,11.210884353741497
2,4.0,100000,0.7426470588235294,5.9411764705882355,5.855824688184395,0.936,0.004276179870598776,8.1875
2,4.0,100000,0.7879901960784315,6.303921568627452,6.182805813091302,0.9395,0.004924428900898041,7.198347107438017
2,4.0,100000,0.8333333333333334,6.666666666666667,6.6224353479025915,0.96,0.0037796447300922752,5.875
2,4.0,300000,0.0625,0.5,0.49934511948022875,0.0,0.0,1.7545
2,4.0,300000,0.10784313725490197,0.8627450980392157,0.8642814822948377,0.0,0.0,3.2145
2,4.0,300000,0.15318627450980393,1.2254901960784315,1.3975270387563847,0.0,0.0,11.4145
2,4.0,300000,0.1985294117647059,1.5882352941176472,1.6118329670483118,0.0,0.0,17.303
2,4.0,300000,0.24387254901960786,1.950980392156863,1.951493098618319,0.0,0.0,43.695
2,4.0,300000,0.28921568627450983,2.3137254901960786,2.351412541002281,0.001,0.001,92.91791791791792
2,4.0,300000,0.3345588235294118,2.6764705882352944,2.6736293370071316,0.0015,0.0007319250547113998,246.8487731597396
2,4.0,300000,0.37990196078431376,3.03921568627451,3.0212605249107183,0.0525,0.006433728090528627,466.3192612137203
2,4.0,300000,0.42524509803921573,3.401960784313726,3.3876125627959395,0.302,0.008750510189207744,578.721346704871
2,4.0,300000,0.4705882352941177,3.7647058823529416,3.755354718673621,0.6095,0.010196287839909479,287.77592829705503
2,4.0,300000,0.5159313725490197,4.127450980392157,4.185956222254539,0.765,0.004519797719873254,96.31063829787234
2,4.0,300000,0.5612745098039216,4.490196078431373,4.563163736549898,0.819,0.008237544710479132,49.726519337016576
2,4.0,300000,0.6066176470588236,4.852941176470589,4.839670753020188,0.878,0.004208834246473213,24.959016393442624
2,4.0,300000,0.6519607843137256,5.215686274509805,5.155210551752228,0.907,0.005744562646538034,15.548387096774194
2,4.0,300000,0.6973039215686275,5.57843137254902,5.604659570077219,0.9185,0.005395103600223346,12.63803680981595
2,4.0,300000,0.7426470588235294,5.9411764705882355,5.921113796072989,0.9275,0.004866063237214584,7.848275862068966
2,4.0,300000,0.7879901960784315,6.303921568627452,6.3027085822894335,0.952,0.005451081150953971,5.84375
2,4.0,300000,0.8333333333333334,6.666666666666667,6.5905201731764045,0.9575,0.0012955969390869336,7.447058823529412
2,5.0,10000,0.08333333333333333,0.5,0.4976933683003294,0.0,0.0,1.8055
2,5.0,10000,0.12745098039215685,0.7647058823529411,0.7649425349226722,0.0,0.0,3.065
2,5.0,10000,0.17156862745098037,1.0294117647058822,1.0322454295064967,0.0,0.0,4.873
2,5.0,10000,0.21568627450980393,1.2941176470588236,1.2875629852368575,0.001,0.0006546536707079772,8.198198198198199
2,5.0,10000,0.25980392156862747,1.558823529411765,1.5791839098124778,0.015,0.0033594217189442423,12.821319796954315
2,5.0,10000,0.30392156862745096,1.8235294117647056,1.824704655835013,0.044,0.004276179870598791,17.75418410041841
2,5.0,10000,0.34803921568627455,2.088235294117647,2.079234180179742,0.1235,0.005925128087825851,21.930975470621792
2,5.0,10000,0.39215686274509803,2.3529411764705883,2.383085767168388,0.2235,0.012034177519524488,26.042498390212494
2,5.0,10000,0.4362745098039216,2.6176470588235294,2.61816104447502,0.3635,0.013657807814056922,25.775333857030635
2,5.0,10000,0.4803921568627451,2.8823529411764706,2.8950766051015213,0.488,0.01358570677482142,26.7802734375
2,5.0,10000,0.5245098039215687,3.147058823529412,3.1833333210850734,0.6215,0.007326566141690903,24.702774108322323
2,5.0,10000,0.5686274509803921,3.411764705882353,3.429908544815004,0.7005,0.008764783429807521,20.959933222036728
2,5.0,10000,0.6127450980392157,3.6764705882352944,3.6910573706516416,0.768,0.012828539611796372,23.20258620689655
2,5.0,10000,0.6568627450980392,3.9411764705882355,3.9435906994254455,0.795,0.01262084443631702,19.507317073170732
2,5.0,10000,0.7009803921568628,4.205882352941177,4.192802446500465,0.855,0.01315294643796591,16.348275862068967
2,5.0,10000,0.7450980392156863,4.470588235294118,4.4615687496484995,0.8895,0.009439657984119077,12.923076923076923
2,5.0,10000,0.7892156862745098,4.735294117647059,4.717945176750725,0.913,0.004519797719873254,14.235632183908047
2,5.0,10000,0.8333333333333334,5.0,4.945667309613171,0.909,0.00940364670904705,13.791208791208792
2,5.0,100000,0.08333333333333333,0.5,0.49989046412222843,0.0,0.0,1.8705
2,5.0,100000,0.12745098039215685,0.7647058823529411,0.7635780628739772,0.0,0.0,2.92
2,5.0,100000,0.17156862745098037,1.0294117647058822,1.0301899476469498,0.0,0.0,4.8095
2,5.0,100000,0.21568627450980393,1.2941176470588236,1.2934270494490434,0.0,0.0,7.927
2,5.0,100000,0.25980392156862747,1.558823529411765,1.5601955734063013,0.0,0.0,13.326
2,5.0,100000,0.30392156862745096,1.8235294117647056,1.8151002515527848,0.0,0.0,24.237
2,5.0,100000,0.34803921568627455,2.088235294117647,2.0819808736872574,0.0,0.0,39.3545
2,5.0,100000,0.39215686274509803,2.3529411764705883,2.347996167051379,0.0,0.0,71.5505
2,5.0,100000,0.4362745098039216,2.6176470588235294,2.6165742594068466,0.0065,0.0010522085616183027,121.8610971313538
2,5.0,100000,0.4803921568627451,2.8823529411764706,2.8867364030265685,0.0655,0.007480928131875463,184.3649010165864
2,5.0,100000,0.5245098039215687,3.147058823529412,3.1502965480638965,0.214,0.009856107606091624,226.16539440203562
2,5.0,100000,0.5686274509803921,3.411764705882353,3.4127458208467294,0.409,0.013685237092784118,232.37648054145515
2,5.0,100000,0.6127450980392157,3.6764705882352944,3.6813042506825946,0.6055,0.015230373787740266,176.16476552598226
2,5.0,100000,0.6568627450980392,3.9411764705882355,3.9427426109860675,0.719,0.009126100716391106,137.8576512455516
2,5.0,100000,0.7009803921568628,4.205882352941177,4.20620249849371,0.8335,0.007208625785424411,78.70270270270271
2,5.0,100000,0.7450980392156863,4.470588235294118,4.4725157720081565,0.869,0.004644505202002535,37.33587786259542
2,5.0,100000,0.7892156862745098,4.735294117647059,4.736786676223306,0.893,0.005331845030434725,47.8177570093458
2,5.0,100000,0.8333333333333334,5.0,5.020227130421513,0.923,0.003443420226626836,24.12987012987013
3,4.0,10000,0.03125,0.5,0.5143640086141554,0.0,0.0,1.7735
3,4.0,10000,0.058823529411764705,0.9411764705882353,0.932396404484858,0.0035,0.0014015297764534702,4.351229302558957
3,4.0,10000,0.08639705882352941,1.3823529411764706,1.338203554254644,0.1365,0.007688116990339236,8.800810654313839
3,4.0,10000,0.11397058823529412,1.8235294117647058,1.7845171172563852,0.423,0.0064031242374328464,5.231369150779896
3,4.0,10000,0.14154411764705882,2.264705882352941,2.205550356888117,0.6195,0.018180641195670588,3.0065703022339028
3,4.0,10000,0.16911764705882354,2.7058823529411766,2.737340153799334,0.7315,0.01012599201489486,2.037243947858473
3,4.0,10000,0.19669117647058823,3.1470588235294117,3.0988351372112177,0.815,0.008340948901139988,1.7378378378378379
3,4.0,10000,0.22426470588235292,3.5882352941176467,3.563081240006782,0.864,0.007091242083423353,1.6691176470588236
3,4.0,10000,0.25183823529411764,4.029411764705882,3.9265166076651634,0.9015,0.00489533305448013,1.4517766497461928
3,4.0,10000,0.27941176470588236,4.470588235294118,5.313156683320838,0.93,0.006590035768383299,1.3
3,4.0,10000,0.3069852941176471,4.911764705882353,5.024775877012755,0.9455,0.004531634835874818,1.3394495412844036
3,4.0,10000,0.33455882352941174,5.352941176470588,5.351631083553889,0.9635,0.004806988959540358,1.273972602739726
3,4.0,10000,0.36213235294117646,5.794117647058823,5.671295780363784,0.972,0.003464101615137758,1.1428571428571428
3,4.0,10000,0.3897058823529412,6.235294117647059,6.142762619673093,0.9745,0.004656025282209222,1.196078431372549
3,4.0,10000,0.41727941176470584,6.6764705882352935,6.4838193398278,0.983,0.0024784787961282125,1.2058823529411764
3,4.0,10000,0.44485294117647056,7.117647058823529,7.005488195076412,0.985,0.0030000000000000027,1.0666666666666667
3,4.0,10000,0.4724264705882353,7.5588235294117645,7.4922293100536255,0.9915,0.002771023534467262,1.2352941176470589
3,4.0,10000,0.5,8.0,8.340598603832909,0.995,0.001963961012123933,1.2
3,4.0,30000,0.03125,0.5,0.5123354306177467,0.0,0.0,1.7395
3,4.0,30000,0.058823529411764705,0.9411764705882353,0.9452868127851459,0.0005,0.0005,5.624812406203102
3,4.0,30000,0.08639705882352941,1.3823529411764706,1.3926236382770454,0.093,0.01021902986729031,17.081587651598678
3,4.0,30000,0.11397058823529412,1.8235294117647058,1.7958384820053532,0.4125,0.012477121920882689,6.2442553191489365
3,4.0,30000,0.14154411764705882,2.264705882352941,2.201516423582164,0.6255,0.014617748507501813,2.885180240320427
3,4.0,30000,0.16911764705882354,2.7058823529411766,2.6461960343346584,0.7105,0.009766926698959972,2.2763385146804835
3,4.0,30000,0.19669117647058823,3.1470588235294117,3.069147446217391,0.8075,0.00833023752019455,1.6753246753246753
3,4.0,30000,0.22426470588235292,3.5882352941176467,3.531517953590086,0.8705,0.008244045470173355,1.583011583011583
3,4.0,30000,0.25183823529411764,4.029411764705882,4.34187313854906,0.899,0.006222080497252168,1.5
3,4.0,30000,0.27941176470588236,4.470588235294118,4.5267607897160715,0.9375,0.004468141192295244,1.264
3,4.0,30000,0.3069852941176471,4.911764705882353,4.865575914151539,0.9495,0.003923373184245554,1.2574257425742574
3,4.0,30000,0.33455882352941174,5.352941176470588,5.253600077604915,0.958,0.003464101615137757,1.25
3,4.0,30000,0.36213235294117646,5.794117647058823,5.798123915922506,0.9715,0.0030647768504178507,1.0526315789473684
3,4.0,30000,0.3897058823529412,6.235294117647059,6.157501100427448,0.974,0.0031167748898959214,1.1730769230769231
3,4.0,30000,0.41727941176470584,6.6764705882352935,6.6005584722286095,0.98,0.0037032803990902086,1.175
3,4.0,30000,0.44485294117647056,7.117647058823529,7.1059759773580105,0.983,0.004123105625617664,1.088235294117647
3,4.0,30000,0.4724264705882353,7.5588235294117645,7.413028208372795,0.9905,0.0027189809015248996,1.263157894736842
3,4.0,30000,0.5,8.0,7.798958686237865,0.994,0.0020000000000000018,1.1666666666666667
3,4.0,100000,0.03125,0.5,0.49077984202635677,0.0,0.0,1.701
3,4.0,100000,0.058823529411764705,0.9411764705882353,0.9360104968368106,0.0,0.0,5.127
3,4.0,100000,0.08639705882352941,1.3823529411764706,1.3672953443459979,0.038,0.006369570517030845,51.567567567567565
3,4.0,100000,0.11397058823529412,1.8235294117647058,1.8090739408380767,0.427,0.017788439263425312,7.132635253054101
3,4.0,100000,0.14154411764705882,2.264705882352941,2.300436254819278,0.626,0.011084094137869049,3.1751336898395723
3,4.0,100000,0.16911764705882354,2.7058823529411766,2.663773681183516,0.7145,0.00910062792182103,2.1330998248686517
3,4.0,100000,0.19669117647058823,3.1470588235294117,3.1838019320178823,0.8125,0.006299092905218281,1.944
3,4.0,100000,0.22426470588235292,3.5882352941176467,3.5897931004885697,0.8655,0.004272001872658769,1.6394052044609666
3,4.0,100000,0.25183823529411764,4.029411764705882,4.0730612676081535,0.9035,0.006299092905218297,1.38860103626943
3,4.0,100000,0.27941176470588236,4.470588235294118,4.462591847171314,0.933,0.001963961012123919,1.4253731343283582
3,4.0,100000,0.3069852941176471,4.911764705882353,4.834460882288999,0.947,0.003760699023168041,1.2830188679245282
3,4.0,100000,0.33455882352941174,5.352941176470588,5.3074191894937925,0.958,0.004276179870598781,1.1428571428571428
3,4.0,100000,0.36213235294117646,5.794117647058823,5.800109630612756,0.9735,0.0045316348358748326,1.169811320754717
3,4.0,100000,0.3897058823529412,6.235294117647059,6.12495242327467,0.9825,0.0027189809015248996,1.3428571428571427
3,4.0,100000,0.41727941176470584,6.6764705882352935,6.68102114160785,0.9765,0.002556504309739042,1.1063829787234043
3,4.0,100000,0.44485294117647056,7.117647058823529,19.672629903999088,0.988,0.0030237157840738204,1.0833333333333333
3,4.0,100000,0.4724264705882353,7.5588235294117645,7.490447672985745,0.988,0.002618614682831911,1.2083333333333333
3,4.0,100000,0.5,8.0,7.933692014446994,0.989,0.001963961012123933,1.0454545454545454
3,4.0,300000,0.03125,0.5,0.49917275507256365,0.0,0.0,1.6905
3,4.0,300000,0.058823529411764705,0.9411764705882353,1.0055160593415842,0.0,0.0,8.2205
3,4.0,300000,0.08639705882352941,1.3823529411764706,1.3729240489398413,0.0075,0.0027710235344672604,97.97632241813602
3,4.0,300000,0.11397058823529412,1.8235294117647058,1.8112458041336357,0.4265,0.008813544770895047,6.789014821272886
3,4.0,300000,0.14154411764705882,2.264705882352941,2.266050027511597,0.6435,0.009147599216656335,2.833099579242637
3,4.0,300000,0.16911764705882354,2.7058823529411766,2.7276195749629446,0.7375,0.009796136264583392,2.0876190476190475
3,4.0,300000,0.19669117647058823,3.1470588235294117,3.1243626180285284,0.815,0.008610624666239785,1.5675675675675675
3,4.0,300000,0.22426470588235292,3.5882352941176467,3.579673222557546,0.867,0.006876460883747857,1.5300751879699248
3,4.0,300000,0.25183823529411764,4.029411764705882,4.023070183729482,0.9015,0.0038498608509176793,1.4619289340101522
3,4.0,300000,0.27941176470588236,4.470588235294118,4.4938871506126095,0.928,0.006458659745975597,1.3194444444444444
3,4.0,300000,0.3069852941176471,4.911764705882353,4.937147667374692,0.945,0.005644213218610964,1.2818181818181817
3,4.0,300000,0.33455882352941174,5.352941176470588,5.320214381892992,0.962,0.005291502622129186,1.25
3,4.0,300000,0.36213235294117646,5.794117647058823,5.761243439290137,0.97,0.002927700218845602,1.15
3,4.0,300000,0.3897058823529412,6.235294117647059,6.208222909323844,0.9765,0.0024421887138969677,1.1063829787234043
3,4.0,300000,0.41727941176470584,6.6764705882352935,6.653057747736505,0.985,0.0026992062325273142,1.0
3,4.0,300000,0.44485294117647056,7.117647058823529,7.06591768973754,0.985,0.0025911938781738673,1.2
3,4.0,300000,0.4724264705882353,7.5588235294117645,7.7091450943267255,0.9905,0.001991051409252338,1.0
3,4.0,300000,0.5,8.0,8.082851381038274,0.994,0.0018516401995451043,1.1666666666666667
